Team,GP,Poss,Freq,PPP,PTS,FGM,FGA,FG%,eFG%,FT_Freq,TO_Freq,SF_Freq,AndOne_Freq,Score_Freq,Percentile,Playtype,Side
New York Knicks,15,161,9.8%,0.98,157,61,133,45.9,48.1,13.0%,6.8%,13.0%,2.5%,47.8%,96.6,isolation,offensive
Houston Rockets,14,169,10.7%,0.85,144,47,130,36.2,40.4,16.0%,11.2%,14.2%,4.1%,39.1%,58.6,isolation,offensive
Toronto Raptors,15,147,9.0%,0.88,130,37,103,35.9,36.4,22.4%,7.5%,20.4%,0.0%,46.9%,79.3,isolation,offensive
New Orleans Pelicans,14,130,8.6%,0.94,122,45,102,44.1,45.1,15.4%,10.0%,13.8%,3.8%,46.2%,89.7,isolation,offensive
Los Angeles Clippers,13,117,8.3%,1.00,117,40,95,42.1,44.7,18.8%,2.6%,16.2%,2.6%,50.4%,100.0,isolation,offensive
Los Angeles Lakers,13,150,10.6%,0.77,115,40,122,32.8,34.4,13.3%,8.7%,12.7%,3.3%,36.7%,31.0,isolation,offensive
Minnesota Timberwolves,14,134,8.7%,0.85,114,34,95,35.8,37.4,20.1%,9.7%,16.4%,0.7%,43.3%,55.2,isolation,offensive
Portland Trail Blazers,15,125,7.7%,0.88,110,40,105,38.1,41.4,13.6%,5.6%,11.2%,3.2%,40.8%,72.4,isolation,offensive
Phoenix Suns,14,116,7.3%,0.91,105,35,83,42.2,45.8,18.1%,12.1%,11.2%,1.7%,44.0%,82.8,isolation,offensive
Cleveland Cavaliers,14,118,7.9%,0.88,104,39,94,41.5,44.7,14.4%,7.6%,13.6%,3.4%,42.4%,75.9,isolation,offensive
Denver Nuggets,14,116,7.5%,0.86,100,31,92,33.7,37.5,17.2%,7.8%,13.8%,4.3%,39.7%,62.1,isolation,offensive
Golden State Warriors,15,103,6.1%,0.95,98,38,86,44.2,49.4,6.8%,9.7%,5.8%,0.0%,43.7%,93.1,isolation,offensive
Oklahoma City Thunder,15,117,6.8%,0.84,98,32,86,37.2,40.7,15.4%,12.0%,12.8%,1.7%,41.0%,41.4,isolation,offensive
Philadelphia 76ers,15,139,8.6%,0.68,94,35,98,35.7,35.7,13.7%,19.4%,12.9%,3.6%,34.5%,6.9,isolation,offensive
Milwaukee Bucks,14,110,7.5%,0.85,93,33,79,41.8,43.0,15.5%,15.5%,10.9%,2.7%,40.9%,51.7,isolation,offensive
Brooklyn Nets,14,126,8.2%,0.74,93,35,104,33.7,37.0,7.9%,9.5%,7.9%,0.0%,34.9%,20.7,isolation,offensive
Indiana Pacers,13,112,7.9%,0.75,84,30,88,34.1,34.1,13.4%,8.9%,9.8%,0.9%,38.4%,27.6,isolation,offensive
Sacramento Kings,15,128,7.4%,0.63,81,29,96,30.2,31.3,13.3%,14.1%,11.7%,2.3%,32.8%,0.0,isolation,offensive
Chicago Bulls,12,94,7.1%,0.79,74,28,72,38.9,40.3,12.8%,11.7%,9.6%,1.1%,40.4%,34.5,isolation,offensive
Charlotte Hornets,14,84,5.6%,0.87,73,24,67,35.8,42.5,11.9%,9.5%,9.5%,1.2%,39.3%,69.0,isolation,offensive
Detroit Pistons,14,115,7.4%,0.63,73,26,90,28.9,30.6,9.6%,12.2%,8.7%,0.9%,31.3%,3.4,isolation,offensive
Dallas Mavericks,14,77,5.1%,0.84,65,26,66,39.4,42.4,9.1%,6.5%,9.1%,1.3%,40.3%,48.3,isolation,offensive
Orlando Magic,14,74,4.7%,0.81,60,24,60,40.0,42.5,9.5%,12.2%,9.5%,2.7%,39.2%,37.9,isolation,offensive
Utah Jazz,13,75,5.4%,0.75,56,21,61,34.4,37.7,9.3%,9.3%,8.0%,0.0%,37.3%,24.1,isolation,offensive
Atlanta Hawks,15,78,4.9%,0.72,56,19,56,33.9,33.9,17.9%,12.8%,15.4%,2.6%,39.7%,13.8,isolation,offensive
Miami Heat,13,67,4.9%,0.73,49,19,56,33.9,34.8,10.4%,6.0%,9.0%,0.0%,37.3%,17.2,isolation,offensive
Memphis Grizzlies,14,71,4.8%,0.69,49,19,60,31.7,32.5,8.5%,9.9%,8.5%,2.8%,32.4%,10.3,isolation,offensive
Boston Celtics,13,57,3.8%,0.84,48,17,45,37.8,40.0,12.3%,8.8%,8.8%,0.0%,42.1%,44.8,isolation,offensive
San Antonio Spurs,14,51,3.5%,0.86,44,16,42,38.1,40.5,11.8%,7.8%,7.8%,2.0%,41.2%,65.5,isolation,offensive
Washington Wizards,10,46,4.2%,0.93,43,15,31,48.4,51.6,23.9%,10.9%,21.7%,4.3%,47.8%,86.2,isolation,offensive
Golden State Warriors,15,304,18.0%,1.17,357,138,234,59.0,66.5,10.9%,14.5%,9.5%,2.3%,53.3%,86.2,transition,offensive
Sacramento Kings,15,323,18.8%,1.05,338,126,242,52.1,58.1,12.4%,14.9%,10.5%,2.5%,47.7%,44.8,transition,offensive
Phoenix Suns,14,251,15.7%,1.20,301,113,195,57.9,64.9,14.3%,10.8%,10.4%,2.8%,56.2%,96.6,transition,offensive
Houston Rockets,14,307,19.4%,0.97,297,106,235,45.1,50.6,12.4%,12.4%,11.1%,1.3%,45.3%,13.8,transition,offensive
Oklahoma City Thunder,15,263,15.3%,1.11,292,108,199,54.3,59.0,15.2%,12.5%,11.4%,3.4%,52.5%,65.5,transition,offensive
Orlando Magic,14,254,16.1%,1.09,276,104,193,53.9,59.6,13.8%,13.4%,10.6%,3.1%,50.8%,58.6,transition,offensive
Cleveland Cavaliers,14,219,14.6%,1.19,261,98,163,60.1,67.2,18.3%,11.4%,16.4%,4.1%,56.6%,93.1,transition,offensive
Atlanta Hawks,15,210,13.2%,1.23,258,104,162,64.2,69.1,11.4%,14.3%,9.0%,2.9%,57.6%,100.0,transition,offensive
Washington Wizards,10,218,19.9%,1.16,252,86,159,54.1,60.1,20.2%,9.6%,18.3%,2.8%,56.0%,75.9,transition,offensive
Boston Celtics,13,256,17.2%,0.98,250,94,198,47.5,52.3,12.5%,12.1%,10.5%,2.0%,46.9%,20.7,transition,offensive
Indiana Pacers,13,213,15.0%,1.12,238,91,158,57.6,64.6,12.7%,16.0%,11.3%,2.8%,51.2%,69.0,transition,offensive
New Orleans Pelicans,14,206,13.6%,1.15,237,94,173,54.3,61.6,8.3%,9.7%,6.8%,1.9%,51.9%,72.4,transition,offensive
Philadelphia 76ers,15,240,14.8%,0.98,234,89,182,48.9,55.8,10.0%,17.1%,8.8%,2.9%,44.2%,17.2,transition,offensive
Toronto Raptors,15,199,12.2%,1.17,233,81,143,56.6,64.0,18.1%,14.1%,14.1%,4.0%,53.8%,82.8,transition,offensive
Minnesota Timberwolves,14,190,12.3%,1.18,224,73,119,61.3,65.1,21.1%,17.9%,18.4%,1.6%,57.4%,89.7,transition,offensive
Portland Trail Blazers,15,218,13.4%,1.00,218,79,154,51.3,56.2,14.2%,17.0%,11.5%,1.8%,47.7%,24.1,transition,offensive
Denver Nuggets,14,186,12.0%,1.16,216,86,146,58.9,59.9,16.7%,10.2%,13.4%,5.4%,56.5%,79.3,transition,offensive
Detroit Pistons,14,192,12.3%,1.05,201,81,149,54.4,57.7,13.5%,13.0%,10.4%,4.2%,50.0%,48.3,transition,offensive
Utah Jazz,13,172,12.4%,1.10,189,73,127,57.5,61.0,15.1%,13.4%,9.9%,2.3%,54.7%,62.1,transition,offensive
Brooklyn Nets,14,185,12.0%,1.01,186,73,136,53.7,56.3,13.0%,14.1%,10.8%,0.5%,50.8%,27.6,transition,offensive
Los Angeles Clippers,13,193,13.7%,0.95,184,66,141,46.8,52.5,13.5%,15.5%,8.8%,2.1%,44.0%,10.3,transition,offensive
New York Knicks,15,188,11.5%,0.95,179,59,133,44.4,49.6,16.5%,12.8%,14.9%,1.1%,46.3%,6.9,transition,offensive
San Antonio Spurs,14,172,11.8%,1.03,178,72,135,53.3,58.5,8.7%,14.0%,6.4%,1.2%,48.3%,37.9,transition,offensive
Miami Heat,13,175,12.9%,1.01,176,70,137,51.1,54.4,13.1%,12.0%,11.4%,3.4%,49.1%,31.0,transition,offensive
Memphis Grizzlies,14,166,11.2%,1.05,175,62,119,52.1,58.0,14.5%,16.3%,12.0%,2.4%,48.8%,51.7,transition,offensive
Los Angeles Lakers,13,186,13.1%,0.94,174,64,132,48.5,53.4,11.3%,19.4%,9.7%,1.6%,44.1%,0.0,transition,offensive
Dallas Mavericks,14,167,11.1%,1.04,173,56,126,44.4,50.8,19.8%,7.8%,17.4%,3.6%,48.5%,41.4,transition,offensive
Milwaukee Bucks,14,158,10.8%,1.06,168,58,120,48.3,51.7,18.4%,12.0%,17.1%,6.3%,48.7%,55.2,transition,offensive
Charlotte Hornets,14,151,10.1%,1.03,156,57,115,49.6,54.3,13.9%,11.9%,10.6%,2.0%,49.7%,34.5,transition,offensive
Chicago Bulls,12,158,11.9%,0.95,150,54,120,45.0,51.7,12.7%,11.4%,11.4%,0.0%,45.6%,3.4,transition,offensive
Portland Trail Blazers,15,351,21.6%,0.84,294,116,276,42.0,45.7,8.3%,15.7%,7.7%,2.6%,38.7%,75.9,ball-handler,offensive
Oklahoma City Thunder,15,335,19.5%,0.85,286,100,234,42.7,47.6,12.5%,19.4%,10.7%,1.8%,40.3%,82.8,ball-handler,offensive
Detroit Pistons,14,337,21.6%,0.77,261,108,270,40.0,42.6,7.7%,15.1%,6.8%,3.0%,36.5%,44.8,ball-handler,offensive
Los Angeles Lakers,13,302,21.3%,0.84,253,98,239,41.0,44.1,8.6%,12.3%,7.9%,0.7%,40.1%,79.3,ball-handler,offensive
Charlotte Hornets,14,273,18.3%,0.91,248,94,210,44.8,48.8,10.6%,13.9%,7.7%,1.5%,42.5%,93.1,ball-handler,offensive
Phoenix Suns,14,318,19.9%,0.78,247,94,232,40.5,44.6,8.5%,20.4%,7.2%,1.9%,35.5%,51.7,ball-handler,offensive
Toronto Raptors,15,300,18.4%,0.82,245,87,220,39.5,42.0,13.3%,15.7%,10.3%,2.3%,39.3%,65.5,ball-handler,offensive
Los Angeles Clippers,13,264,18.8%,0.89,236,91,197,46.2,48.7,10.6%,16.3%,6.8%,1.5%,42.8%,89.7,ball-handler,offensive
Utah Jazz,13,289,20.8%,0.81,234,81,212,38.2,40.6,12.8%,14.9%,8.7%,1.0%,39.4%,58.6,ball-handler,offensive
New Orleans Pelicans,14,286,18.9%,0.77,220,86,227,37.9,41.9,7.0%,14.3%,4.9%,1.0%,36.0%,41.4,ball-handler,offensive
Dallas Mavericks,14,281,18.7%,0.78,218,88,214,41.1,42.3,9.3%,16.4%,7.8%,1.8%,38.1%,48.3,ball-handler,offensive
Chicago Bulls,12,265,20.0%,0.81,215,81,212,38.2,41.0,10.2%,11.7%,9.1%,1.9%,38.5%,62.1,ball-handler,offensive
Minnesota Timberwolves,14,282,18.2%,0.76,214,82,212,38.7,40.1,10.3%,15.2%,7.4%,1.1%,37.9%,34.5,ball-handler,offensive
Indiana Pacers,13,272,19.1%,0.75,204,76,214,35.5,38.1,9.6%,13.2%,7.0%,1.5%,35.7%,31.0,ball-handler,offensive
Sacramento Kings,15,240,14.0%,0.83,199,86,181,47.5,49.4,6.7%,19.2%,5.4%,1.3%,40.4%,69.0,ball-handler,offensive
Miami Heat,13,226,16.6%,0.87,197,76,169,45.0,47.0,11.1%,16.8%,8.8%,2.7%,42.0%,86.2,ball-handler,offensive
Brooklyn Nets,14,233,15.1%,0.84,195,79,179,44.1,46.1,8.6%,15.5%,5.6%,0.9%,41.2%,72.4,ball-handler,offensive
Atlanta Hawks,15,287,18.0%,0.66,190,75,217,34.6,37.3,5.9%,18.5%,5.9%,0.3%,31.7%,6.9,ball-handler,offensive
San Antonio Spurs,14,204,14.0%,0.92,187,84,167,50.3,51.2,5.4%,13.7%,4.9%,1.0%,45.1%,96.6,ball-handler,offensive
Denver Nuggets,14,295,19.1%,0.63,186,68,213,31.9,34.7,8.1%,20.3%,6.4%,0.7%,30.2%,0.0,ball-handler,offensive
Golden State Warriors,15,173,10.3%,0.96,166,68,138,49.3,56.2,4.6%,17.3%,3.5%,1.7%,42.2%,100.0,ball-handler,offensive
Orlando Magic,14,229,14.5%,0.72,164,66,175,37.7,39.4,7.4%,17.9%,7.0%,1.7%,34.5%,24.1,ball-handler,offensive
Memphis Grizzlies,14,213,14.4%,0.77,163,57,163,35.0,37.1,12.7%,12.7%,11.7%,2.3%,36.6%,37.9,ball-handler,offensive
Cleveland Cavaliers,14,223,14.9%,0.73,163,69,178,38.8,41.3,5.4%,14.3%,5.8%,0.0%,35.9%,27.6,ball-handler,offensive
Boston Celtics,13,231,15.6%,0.71,163,58,164,35.4,37.5,10.4%,19.0%,6.5%,0.4%,34.6%,20.7,ball-handler,offensive
Washington Wizards,10,178,16.3%,0.80,143,59,138,42.8,46.0,6.2%,16.9%,4.5%,0.6%,38.2%,55.2,ball-handler,offensive
Houston Rockets,14,204,12.9%,0.67,137,47,136,34.6,39.3,8.8%,25.0%,8.3%,0.5%,31.4%,17.2,ball-handler,offensive
Milwaukee Bucks,14,198,13.5%,0.63,125,50,141,35.5,37.9,6.1%,24.2%,5.1%,1.5%,29.8%,3.4,ball-handler,offensive
Philadelphia 76ers,15,184,11.3%,0.66,122,46,127,36.2,40.2,7.6%,23.9%,7.1%,0.5%,31.5%,13.8,ball-handler,offensive
New York Knicks,15,175,10.7%,0.66,116,44,135,32.6,34.4,7.4%,14.3%,6.3%,0.0%,32.6%,10.3,ball-handler,offensive
Oklahoma City Thunder,15,168,9.8%,0.94,158,69,144,47.9,48.3,8.3%,5.4%,8.9%,0.0%,48.2%,27.6,roll-man,offensive
Atlanta Hawks,15,132,8.3%,1.12,148,58,118,49.2,57.2,7.6%,5.3%,5.3%,2.3%,49.2%,89.7,roll-man,offensive
Brooklyn Nets,14,137,8.9%,1.01,138,63,125,50.4,51.2,7.3%,5.8%,7.3%,4.4%,48.9%,37.9,roll-man,offensive
Minnesota Timberwolves,14,118,7.6%,1.16,137,53,98,54.1,58.7,12.7%,7.6%,11.9%,3.4%,54.2%,93.1,roll-man,offensive
Miami Heat,13,113,8.3%,1.18,133,50,91,54.9,61.0,13.3%,9.7%,13.3%,3.5%,54.0%,96.6,roll-man,offensive
Phoenix Suns,14,119,7.5%,1.09,130,48,97,49.5,57.7,12.6%,9.2%,12.6%,3.4%,49.6%,72.4,roll-man,offensive
Memphis Grizzlies,14,118,8.0%,1.09,129,54,103,52.4,52.9,9.3%,4.2%,6.8%,0.8%,54.2%,75.9,roll-man,offensive
New Orleans Pelicans,14,120,7.9%,1.06,127,52,101,51.5,56.9,9.2%,7.5%,8.3%,0.8%,50.0%,62.1,roll-man,offensive
Dallas Mavericks,14,123,8.2%,1.01,124,45,98,45.9,50.5,15.4%,6.5%,12.2%,1.6%,50.4%,41.4,roll-man,offensive
Denver Nuggets,14,109,7.0%,1.04,113,46,92,50.0,52.7,10.1%,6.4%,10.1%,0.9%,50.5%,51.7,roll-man,offensive
Boston Celtics,13,100,6.7%,1.11,111,43,83,51.8,56.0,12.0%,8.0%,11.0%,3.0%,52.0%,82.8,roll-man,offensive
Orlando Magic,14,99,6.3%,1.08,107,41,84,48.8,55.4,11.1%,5.1%,10.1%,1.0%,51.5%,69.0,roll-man,offensive
Cleveland Cavaliers,14,94,6.3%,1.11,104,42,81,51.9,59.3,8.5%,7.4%,8.5%,2.1%,50.0%,79.3,roll-man,offensive
Charlotte Hornets,14,99,6.6%,1.05,104,42,89,47.2,51.7,10.1%,5.1%,10.1%,5.1%,47.5%,55.2,roll-man,offensive
San Antonio Spurs,14,112,7.7%,0.91,102,44,94,46.8,48.4,7.1%,10.7%,6.3%,1.8%,44.6%,17.2,roll-man,offensive
Sacramento Kings,15,101,5.9%,0.99,100,44,87,50.6,52.9,9.9%,6.9%,8.9%,3.0%,48.5%,34.5,roll-man,offensive
Toronto Raptors,15,94,5.8%,1.01,95,38,80,47.5,51.3,11.7%,5.3%,10.6%,2.1%,48.9%,44.8,roll-man,offensive
Utah Jazz,13,95,6.8%,0.98,93,38,73,52.1,52.7,14.7%,10.5%,11.6%,2.1%,50.5%,31.0,roll-man,offensive
Portland Trail Blazers,15,98,6.0%,0.93,91,37,80,46.3,48.8,14.3%,9.2%,12.2%,5.1%,45.9%,24.1,roll-man,offensive
New York Knicks,15,108,6.6%,0.82,89,32,84,38.1,41.1,11.1%,12.0%,10.2%,0.9%,39.8%,3.4,roll-man,offensive
Los Angeles Lakers,13,78,5.5%,1.12,87,37,64,57.8,58.6,12.8%,9.0%,11.5%,3.8%,55.1%,86.2,roll-man,offensive
Milwaukee Bucks,14,94,6.4%,0.91,86,37,76,48.7,50.0,6.4%,12.8%,6.4%,0.0%,44.7%,20.7,roll-man,offensive
Los Angeles Clippers,13,101,7.2%,0.85,86,36,84,42.9,45.2,10.9%,6.9%,7.9%,1.0%,43.6%,6.9,roll-man,offensive
Detroit Pistons,14,77,4.9%,1.06,82,29,59,49.2,54.2,16.9%,9.1%,16.9%,2.6%,49.4%,65.5,roll-man,offensive
Chicago Bulls,12,80,6.0%,1.02,82,35,71,49.3,52.1,8.8%,6.3%,7.5%,3.8%,47.5%,48.3,roll-man,offensive
Philadelphia 76ers,15,97,6.0%,0.79,77,29,76,38.2,39.5,13.4%,8.2%,13.4%,0.0%,43.3%,0.0,roll-man,offensive
Houston Rockets,14,62,3.9%,1.19,74,30,45,66.7,68.9,24.2%,9.7%,22.6%,6.5%,61.3%,100.0,roll-man,offensive
Washington Wizards,10,69,6.3%,1.06,73,27,58,46.6,50.9,14.5%,5.8%,14.5%,4.3%,49.3%,58.6,roll-man,offensive
Golden State Warriors,15,79,4.7%,0.87,69,21,53,39.6,43.4,20.3%,12.7%,17.7%,0.0%,44.3%,13.8,roll-man,offensive
Indiana Pacers,13,79,5.6%,0.86,68,31,72,43.1,44.4,7.6%,2.5%,7.6%,1.3%,43.0%,10.3,roll-man,offensive
San Antonio Spurs,14,198,13.6%,0.92,183,73,154,47.4,47.4,14.1%,10.6%,13.1%,2.5%,48.0%,69.0,post-up,offensive
New York Knicks,15,210,12.8%,0.79,165,65,162,40.1,40.1,11.4%,14.8%,9.5%,3.3%,39.0%,31.0,post-up,offensive
Memphis Grizzlies,14,212,14.3%,0.78,165,55,146,37.7,37.7,16.0%,17.0%,12.3%,1.9%,40.1%,27.6,post-up,offensive
Brooklyn Nets,14,156,10.1%,0.95,148,58,119,48.7,48.7,12.2%,13.5%,10.3%,1.9%,46.8%,82.8,post-up,offensive
Philadelphia 76ers,15,176,10.8%,0.82,144,56,126,44.4,44.4,15.9%,15.9%,11.9%,3.4%,43.2%,42.9,post-up,offensive
Minnesota Timberwolves,14,145,9.4%,0.90,131,54,119,45.4,45.4,11.0%,9.7%,10.3%,2.8%,45.5%,65.5,post-up,offensive
Cleveland Cavaliers,14,123,8.2%,1.02,126,47,85,55.3,55.3,18.7%,16.3%,13.0%,4.1%,52.8%,96.6,post-up,offensive
Toronto Raptors,15,144,8.8%,0.83,120,46,105,43.8,43.8,13.9%,14.6%,12.5%,1.4%,44.4%,51.7,post-up,offensive
Charlotte Hornets,14,141,9.5%,0.84,119,55,120,45.8,45.8,8.5%,8.5%,7.1%,2.1%,44.0%,55.2,post-up,offensive
Detroit Pistons,14,152,9.8%,0.76,116,50,120,41.7,41.7,11.2%,10.5%,9.9%,1.3%,40.8%,24.1,post-up,offensive
Los Angeles Clippers,13,123,8.7%,0.93,114,45,93,48.4,48.4,16.3%,12.2%,14.6%,4.1%,48.8%,72.4,post-up,offensive
Milwaukee Bucks,14,136,9.3%,0.79,108,44,113,38.9,38.9,13.2%,6.6%,10.3%,2.9%,40.4%,34.5,post-up,offensive
Oklahoma City Thunder,15,106,6.2%,0.99,105,44,89,49.4,49.4,10.4%,6.6%,9.4%,0.9%,50.9%,93.1,post-up,offensive
Atlanta Hawks,15,106,6.6%,0.97,103,37,73,50.7,50.7,17.0%,17.0%,14.2%,2.8%,49.1%,89.7,post-up,offensive
Sacramento Kings,15,106,6.2%,0.94,100,40,75,53.3,53.3,14.2%,16.0%,11.3%,0.9%,50.0%,79.3,post-up,offensive
New Orleans Pelicans,14,125,8.2%,0.80,100,39,92,42.4,42.4,11.2%,17.6%,8.0%,2.4%,39.2%,37.9,post-up,offensive
Dallas Mavericks,14,92,6.1%,1.05,97,42,78,53.8,53.8,8.7%,9.8%,7.6%,3.3%,51.1%,100.0,post-up,offensive
Orlando Magic,14,126,8.0%,0.75,95,40,107,37.4,37.4,7.1%,8.7%,5.6%,0.8%,38.1%,20.7,post-up,offensive
Los Angeles Lakers,13,121,8.5%,0.75,91,32,86,37.2,37.2,14.9%,14.9%,11.6%,0.8%,40.5%,17.2,post-up,offensive
Miami Heat,13,123,9.0%,0.72,89,35,93,37.6,37.6,9.8%,16.3%,8.1%,1.6%,36.6%,10.3,post-up,offensive
Houston Rockets,14,91,5.7%,0.89,81,29,61,47.5,47.5,22.0%,18.7%,16.5%,7.7%,41.8%,62.1,post-up,offensive
Golden State Warriors,15,108,6.4%,0.75,81,32,82,39.0,39.0,13.9%,12.0%,13.0%,1.9%,39.8%,13.8,post-up,offensive
Boston Celtics,13,85,5.7%,0.93,79,34,65,52.3,52.3,9.4%,15.3%,9.4%,1.2%,48.2%,75.9,post-up,offensive
Denver Nuggets,14,79,5.1%,0.96,76,29,58,50.0,50.0,15.2%,11.4%,11.4%,0.0%,49.4%,86.2,post-up,offensive
Phoenix Suns,14,112,7.0%,0.65,73,26,85,30.6,30.6,15.2%,12.5%,12.5%,3.6%,33.0%,0.0,post-up,offensive
Chicago Bulls,12,96,7.2%,0.71,68,27,76,35.5,35.5,13.5%,11.5%,8.3%,4.2%,36.5%,3.4,post-up,offensive
Indiana Pacers,13,85,6.0%,0.72,61,23,63,36.5,36.5,15.3%,14.1%,12.9%,3.5%,38.8%,6.9,post-up,offensive
Utah Jazz,13,67,4.8%,0.82,55,21,56,37.5,37.5,13.4%,6.0%,11.9%,3.0%,41.8%,48.3,post-up,offensive
Washington Wizards,10,46,4.2%,0.87,40,13,28,46.4,46.4,23.9%,15.2%,15.2%,0.0%,45.7%,58.6,post-up,offensive
Portland Trail Blazers,15,44,2.7%,0.82,36,16,34,47.1,47.1,9.1%,15.9%,4.5%,2.3%,40.9%,42.9,post-up,offensive
New York Knicks,15,318,19.4%,0.99,315,112,292,38.4,50.3,4.1%,5.0%,4.1%,0.9%,38.4%,78.6,spot-up,offensive
San Antonio Spurs,14,296,20.3%,1.05,312,117,266,44.0,55.1,4.7%,6.8%,4.7%,1.4%,42.6%,96.6,spot-up,offensive
Sacramento Kings,15,344,20.0%,0.90,311,107,288,37.2,48.3,5.5%,10.8%,4.7%,0.3%,36.0%,37.9,spot-up,offensive
Golden State Warriors,15,296,17.6%,1.04,307,110,265,41.5,55.3,3.0%,7.4%,2.7%,0.0%,40.2%,86.2,spot-up,offensive
Atlanta Hawks,15,324,20.3%,0.94,306,115,291,39.5,50.9,2.8%,7.7%,2.5%,0.3%,37.7%,55.2,spot-up,offensive
Philadelphia 76ers,15,337,20.8%,0.91,306,106,294,36.1,47.3,5.3%,8.3%,5.3%,0.9%,35.6%,44.8,spot-up,offensive
Houston Rockets,14,336,21.2%,0.90,303,99,301,32.9,44.5,6.8%,4.5%,6.3%,0.9%,35.1%,34.5,spot-up,offensive
Portland Trail Blazers,15,312,19.2%,0.95,295,103,273,37.7,49.6,5.4%,7.7%,3.8%,0.6%,37.5%,58.6,spot-up,offensive
Milwaukee Bucks,14,280,19.1%,1.04,292,103,246,41.9,53.3,6.1%,6.8%,5.7%,0.7%,42.1%,93.1,spot-up,offensive
Charlotte Hornets,14,302,20.3%,0.96,290,103,277,37.2,48.4,4.6%,3.6%,4.0%,0.0%,38.7%,65.5,spot-up,offensive
Boston Celtics,13,321,21.6%,0.90,288,102,295,34.6,45.4,3.7%,4.7%,3.4%,0.3%,35.2%,31.0,spot-up,offensive
Cleveland Cavaliers,14,277,18.5%,1.03,286,104,253,41.1,54.0,3.6%,5.8%,2.9%,0.7%,40.4%,82.8,spot-up,offensive
New Orleans Pelicans,14,314,20.7%,0.91,285,106,287,36.9,46.2,4.5%,5.4%,3.5%,1.3%,36.9%,41.4,spot-up,offensive
Denver Nuggets,14,312,20.2%,0.89,277,100,285,35.1,45.6,4.8%,5.1%,4.2%,1.3%,35.6%,27.6,spot-up,offensive
Phoenix Suns,14,285,17.9%,0.96,274,99,250,39.6,51.8,4.6%,9.5%,3.9%,1.8%,37.5%,69.0,spot-up,offensive
Orlando Magic,14,313,19.8%,0.86,269,96,289,33.2,43.8,3.5%,4.5%,2.6%,0.3%,33.9%,10.3,spot-up,offensive
Chicago Bulls,12,265,20.0%,0.99,262,94,236,39.8,50.0,6.4%,6.0%,5.7%,1.5%,40.4%,72.4,spot-up,offensive
Toronto Raptors,15,287,17.6%,0.89,254,89,246,36.2,48.0,3.5%,11.1%,3.1%,0.3%,34.1%,24.1,spot-up,offensive
Utah Jazz,13,268,19.3%,0.94,253,88,238,37.0,48.3,6.0%,6.3%,4.5%,1.1%,37.7%,51.7,spot-up,offensive
Dallas Mavericks,14,278,18.5%,0.91,253,91,254,35.8,45.7,4.7%,4.7%,3.6%,0.7%,36.3%,48.3,spot-up,offensive
Indiana Pacers,13,224,15.8%,1.07,240,86,202,42.6,55.7,4.0%,6.3%,4.0%,0.4%,41.5%,100.0,spot-up,offensive
Detroit Pistons,14,281,18.0%,0.85,239,81,248,32.7,44.6,3.6%,8.2%,2.8%,0.4%,32.0%,6.9,spot-up,offensive
Oklahoma City Thunder,15,271,15.8%,0.87,235,87,255,34.1,44.9,1.8%,4.4%,1.1%,0.4%,33.6%,13.8,spot-up,offensive
Miami Heat,13,262,19.3%,0.87,229,79,231,34.2,44.2,7.3%,5.7%,7.3%,1.1%,36.3%,20.7,spot-up,offensive
Memphis Grizzlies,14,262,17.7%,0.87,228,85,243,35.0,44.4,3.4%,3.8%,2.3%,0.0%,34.7%,17.2,spot-up,offensive
Brooklyn Nets,14,298,19.4%,0.77,228,86,266,32.3,39.5,3.7%,7.0%,3.4%,0.3%,32.2%,0.0,spot-up,offensive
Los Angeles Lakers,13,212,15.0%,1.04,221,77,194,39.7,53.6,3.8%,6.1%,3.8%,1.4%,38.2%,89.7,spot-up,offensive
Washington Wizards,10,224,20.5%,0.95,212,75,194,38.7,49.2,5.8%,8.9%,5.4%,1.3%,37.9%,62.1,spot-up,offensive
Los Angeles Clippers,13,212,15.1%,0.99,210,75,193,38.9,50.8,3.8%,5.7%,2.4%,0.5%,38.7%,78.6,spot-up,offensive
Minnesota Timberwolves,14,226,14.6%,0.78,176,68,205,33.2,39.8,4.4%,6.2%,4.0%,1.3%,32.7%,3.4,spot-up,offensive
Chicago Bulls,12,85,6.4%,1.20,102,40,72,55.6,66.7,4.7%,10.6%,2.4%,0.0%,50.6%,100.0,hand-off,offensive
Charlotte Hornets,14,94,6.3%,1.07,101,34,72,47.2,54.9,13.8%,10.6%,12.8%,1.1%,48.9%,79.3,hand-off,offensive
Portland Trail Blazers,15,103,6.3%,0.95,98,38,87,43.7,49.4,7.8%,9.7%,3.9%,1.9%,42.7%,55.2,hand-off,offensive
Los Angeles Clippers,13,90,6.4%,1.04,94,36,77,46.8,51.9,10.0%,6.7%,7.8%,2.2%,47.8%,69.0,hand-off,offensive
Denver Nuggets,14,84,5.4%,1.08,91,35,71,49.3,58.5,7.1%,10.7%,4.8%,2.4%,46.4%,89.7,hand-off,offensive
Boston Celtics,13,91,6.1%,0.89,81,32,70,45.7,52.9,5.5%,17.6%,4.4%,0.0%,40.7%,41.4,hand-off,offensive
Dallas Mavericks,14,74,4.9%,1.01,75,31,69,44.9,52.2,2.7%,4.1%,1.4%,0.0%,44.6%,58.6,hand-off,offensive
Utah Jazz,13,99,7.1%,0.76,75,30,79,38.0,43.0,6.1%,15.2%,6.1%,1.0%,35.4%,6.9,hand-off,offensive
Milwaukee Bucks,14,71,4.8%,1.04,74,25,59,42.4,50.0,15.5%,2.8%,12.7%,2.8%,47.9%,65.5,hand-off,offensive
San Antonio Spurs,14,79,5.4%,0.90,71,30,66,45.5,47.7,6.3%,11.4%,3.8%,1.3%,43.0%,48.3,hand-off,offensive
Atlanta Hawks,15,65,4.1%,1.08,70,28,51,54.9,60.8,7.7%,13.8%,6.2%,0.0%,50.8%,86.2,hand-off,offensive
Los Angeles Lakers,13,66,4.7%,1.06,70,24,54,44.4,50.9,15.2%,7.6%,13.6%,4.5%,47.0%,72.4,hand-off,offensive
Philadelphia 76ers,15,83,5.1%,0.77,64,23,63,36.5,39.7,10.8%,15.7%,7.2%,2.4%,34.9%,13.8,hand-off,offensive
Cleveland Cavaliers,14,69,4.6%,0.90,62,23,61,37.7,45.1,4.3%,7.2%,4.3%,0.0%,37.7%,44.8,hand-off,offensive
New York Knicks,15,53,3.2%,1.08,57,24,46,52.2,57.6,3.8%,9.4%,3.8%,0.0%,49.1%,82.8,hand-off,offensive
Sacramento Kings,15,70,4.1%,0.81,57,19,57,33.3,39.5,8.6%,12.9%,8.6%,2.9%,32.9%,27.6,hand-off,offensive
Indiana Pacers,13,67,4.7%,0.81,54,20,54,37.0,40.7,11.9%,10.4%,9.0%,3.0%,38.8%,20.7,hand-off,offensive
Oklahoma City Thunder,15,51,3.0%,1.02,52,18,36,50.0,61.1,7.8%,21.6%,5.9%,0.0%,43.1%,62.1,hand-off,offensive
Miami Heat,13,59,4.3%,0.86,51,19,47,40.4,45.7,11.9%,10.2%,10.2%,1.7%,40.7%,31.0,hand-off,offensive
Memphis Grizzlies,14,45,3.0%,1.09,49,18,39,46.2,50.0,13.3%,0.0%,13.3%,0.0%,53.3%,93.1,hand-off,offensive
Orlando Magic,14,65,4.1%,0.75,49,20,58,34.5,37.9,4.6%,7.7%,3.1%,1.5%,33.8%,3.4,hand-off,offensive
Golden State Warriors,15,51,3.0%,0.94,48,19,40,47.5,55.0,5.9%,15.7%,2.0%,0.0%,43.1%,51.7,hand-off,offensive
Washington Wizards,10,53,4.8%,0.89,47,15,33,45.5,54.5,11.3%,26.4%,11.3%,0.0%,39.6%,37.9,hand-off,offensive
New Orleans Pelicans,14,42,2.8%,1.07,45,19,40,47.5,55.0,2.4%,2.4%,2.4%,0.0%,47.6%,75.9,hand-off,offensive
Minnesota Timberwolves,14,44,2.8%,0.89,39,15,39,38.5,44.9,6.8%,4.5%,6.8%,0.0%,40.9%,34.5,hand-off,offensive
Toronto Raptors,15,33,2.0%,1.15,38,12,24,50.0,54.2,21.2%,9.1%,15.2%,3.0%,54.5%,96.6,hand-off,offensive
Brooklyn Nets,14,47,3.1%,0.81,38,17,38,44.7,48.7,2.1%,17.0%,2.1%,0.0%,38.3%,24.1,hand-off,offensive
Houston Rockets,14,57,3.6%,0.63,36,12,43,27.9,32.6,8.8%,15.8%,8.8%,0.0%,28.1%,0.0,hand-off,offensive
Detroit Pistons,14,41,2.6%,0.78,32,14,35,40.0,45.7,0.0%,14.6%,0.0%,0.0%,34.1%,17.2,hand-off,offensive
Phoenix Suns,14,38,2.4%,0.76,29,10,32,31.3,35.9,13.2%,7.9%,10.5%,5.3%,34.2%,10.3,hand-off,offensive
Golden State Warriors,15,174,10.3%,1.24,215,94,138,68.1,68.1,13.2%,10.3%,12.1%,2.9%,63.2%,65.5,cut,offensive
Dallas Mavericks,14,148,9.8%,1.30,193,79,111,71.2,71.2,18.2%,10.1%,16.9%,3.4%,66.2%,82.8,cut,offensive
Milwaukee Bucks,14,155,10.6%,1.16,180,72,119,60.5,60.5,18.1%,9.0%,16.8%,3.9%,58.7%,48.3,cut,offensive
Atlanta Hawks,15,138,8.7%,1.16,160,68,116,58.6,58.6,12.3%,8.0%,11.6%,4.3%,57.2%,44.8,cut,offensive
Philadelphia 76ers,15,164,10.1%,0.97,159,64,129,49.6,49.6,14.0%,8.5%,12.2%,1.2%,50.6%,0.0,cut,offensive
Portland Trail Blazers,15,115,7.1%,1.32,152,64,92,69.6,69.6,15.7%,6.1%,15.7%,1.7%,67.8%,89.7,cut,offensive
Cleveland Cavaliers,14,123,8.2%,1.19,146,58,96,60.4,60.4,21.1%,8.1%,19.5%,7.3%,58.5%,55.2,cut,offensive
Denver Nuggets,14,120,7.8%,1.19,143,62,97,63.9,63.9,17.5%,5.8%,15.8%,4.2%,59.2%,58.6,cut,offensive
Toronto Raptors,15,117,7.2%,1.20,140,58,98,59.2,59.2,14.5%,5.1%,12.0%,3.4%,60.7%,62.1,cut,offensive
Boston Celtics,13,101,6.8%,1.35,136,58,85,68.2,68.2,12.9%,5.9%,12.9%,3.0%,67.3%,100.0,cut,offensive
Brooklyn Nets,14,123,8.0%,1.11,136,58,99,58.6,58.6,10.6%,10.6%,9.8%,1.6%,56.1%,27.6,cut,offensive
Sacramento Kings,15,118,6.9%,1.14,135,60,99,60.6,60.6,10.2%,7.6%,8.5%,1.7%,58.5%,37.9,cut,offensive
Charlotte Hornets,14,105,7.0%,1.25,131,50,86,58.1,58.1,21.9%,3.8%,21.0%,7.6%,61.9%,72.4,cut,offensive
Memphis Grizzlies,14,117,7.9%,1.11,130,54,95,56.8,56.8,12.0%,6.8%,12.0%,0.9%,57.3%,31.0,cut,offensive
New York Knicks,15,131,8.0%,0.99,130,53,106,50.0,50.0,16.0%,7.6%,16.0%,5.3%,50.4%,3.4,cut,offensive
San Antonio Spurs,14,116,7.9%,1.10,128,53,99,53.5,53.5,14.7%,5.2%,13.8%,5.2%,55.2%,24.1,cut,offensive
Utah Jazz,13,121,8.7%,1.06,128,55,93,59.1,59.1,13.2%,12.4%,13.2%,2.5%,55.4%,10.3,cut,offensive
Oklahoma City Thunder,15,98,5.7%,1.30,127,53,75,70.7,70.7,12.2%,12.2%,12.2%,1.0%,65.3%,79.3,cut,offensive
Orlando Magic,14,126,8.0%,1.01,127,48,98,49.0,49.0,21.4%,7.1%,19.0%,6.3%,50.8%,6.9,cut,offensive
Houston Rockets,14,101,6.4%,1.24,125,54,83,65.1,65.1,17.8%,5.9%,16.8%,5.9%,64.4%,69.0,cut,offensive
Miami Heat,13,89,6.5%,1.31,117,50,78,64.1,64.1,19.1%,1.1%,19.1%,7.9%,67.4%,86.2,cut,offensive
Chicago Bulls,12,95,7.2%,1.18,112,46,78,59.0,59.0,15.8%,6.3%,14.7%,4.2%,58.9%,51.7,cut,offensive
Indiana Pacers,13,96,6.8%,1.16,111,49,80,61.3,61.3,11.5%,7.3%,10.4%,2.1%,59.4%,41.4,cut,offensive
Minnesota Timberwolves,14,98,6.3%,1.10,108,43,77,55.8,55.8,19.4%,5.1%,16.3%,3.1%,58.2%,20.7,cut,offensive
Washington Wizards,10,94,8.6%,1.13,106,43,77,55.8,55.8,17.0%,5.3%,14.9%,4.3%,58.5%,34.5,cut,offensive
Los Angeles Clippers,13,73,5.2%,1.34,98,46,62,74.2,74.2,13.7%,8.2%,13.7%,6.8%,67.1%,96.6,cut,offensive
Detroit Pistons,14,74,4.8%,1.32,98,39,57,68.4,68.4,24.3%,4.1%,23.0%,5.4%,67.6%,93.1,cut,offensive
Phoenix Suns,14,89,5.6%,1.09,97,39,68,57.4,57.4,18.0%,10.1%,16.9%,4.5%,56.2%,17.2,cut,offensive
New Orleans Pelicans,14,74,4.9%,1.28,95,35,56,62.5,62.5,23.0%,4.1%,14.9%,2.7%,66.2%,75.9,cut,offensive
Los Angeles Lakers,13,64,4.5%,1.08,69,26,49,53.1,53.1,18.8%,6.3%,18.8%,1.6%,56.3%,13.8,cut,offensive
Golden State Warriors,15,185,11.0%,1.03,190,66,161,41.0,52.2,7.0%,8.6%,5.9%,2.7%,40.0%,79.3,off-screen,offensive
Charlotte Hornets,14,98,6.6%,1.27,124,44,81,54.3,64.2,11.2%,7.1%,10.2%,1.0%,55.1%,100.0,off-screen,offensive
Indiana Pacers,13,109,7.7%,1.10,120,40,89,44.9,56.7,11.9%,7.3%,10.1%,0.9%,47.7%,82.8,off-screen,offensive
Minnesota Timberwolves,14,131,8.5%,0.82,108,43,106,40.6,43.4,9.9%,11.5%,9.9%,2.3%,39.7%,34.5,off-screen,offensive
Dallas Mavericks,14,107,7.1%,0.94,101,39,94,41.5,49.5,5.6%,7.5%,4.7%,0.9%,41.1%,58.6,off-screen,offensive
Atlanta Hawks,15,99,6.2%,0.99,98,37,90,41.1,51.7,2.0%,7.1%,2.0%,0.0%,39.4%,72.4,off-screen,offensive
Cleveland Cavaliers,14,80,5.3%,1.14,91,35,75,46.7,58.0,3.8%,5.0%,3.8%,2.5%,45.0%,89.7,off-screen,offensive
Toronto Raptors,15,111,6.8%,0.79,88,32,93,34.4,39.8,7.2%,9.9%,5.4%,0.9%,35.1%,20.7,off-screen,offensive
Milwaukee Bucks,14,88,6.0%,0.99,87,32,69,46.4,55.1,8.0%,15.9%,5.7%,2.3%,42.0%,69.0,off-screen,offensive
San Antonio Spurs,14,85,5.8%,1.01,86,36,80,45.0,52.5,1.2%,4.7%,0.0%,0.0%,43.5%,75.9,off-screen,offensive
Sacramento Kings,15,90,5.2%,0.96,86,33,76,43.4,50.0,8.9%,8.9%,5.6%,2.2%,43.3%,62.1,off-screen,offensive
Orlando Magic,14,86,5.4%,0.93,80,32,72,44.4,52.1,5.8%,11.6%,5.8%,1.2%,41.9%,55.2,off-screen,offensive
New Orleans Pelicans,14,67,4.4%,1.16,78,27,58,46.6,59.5,9.0%,6.0%,7.5%,1.5%,47.8%,96.6,off-screen,offensive
Portland Trail Blazers,15,84,5.2%,0.89,75,27,72,37.5,47.2,6.0%,8.3%,2.4%,0.0%,38.1%,51.7,off-screen,offensive
Oklahoma City Thunder,15,67,3.9%,1.10,74,28,57,49.1,57.9,7.5%,7.5%,7.5%,0.0%,49.3%,86.2,off-screen,offensive
Memphis Grizzlies,14,84,5.7%,0.86,72,28,77,36.4,40.3,8.3%,3.6%,8.3%,3.6%,38.1%,39.3,off-screen,offensive
New York Knicks,15,99,6.0%,0.72,71,28,94,29.8,34.6,3.0%,2.0%,3.0%,0.0%,31.3%,6.9,off-screen,offensive
Boston Celtics,13,55,3.7%,1.15,63,25,49,51.0,59.2,7.3%,5.5%,5.5%,1.8%,50.9%,93.1,off-screen,offensive
Los Angeles Lakers,13,77,5.4%,0.78,60,23,70,32.9,40.7,2.6%,6.5%,1.3%,0.0%,32.5%,17.2,off-screen,offensive
Phoenix Suns,14,68,4.3%,0.81,55,21,61,34.4,41.0,4.4%,5.9%,2.9%,0.0%,35.3%,27.6,off-screen,offensive
Los Angeles Clippers,13,65,4.6%,0.77,50,21,59,35.6,41.5,3.1%,9.2%,3.1%,3.1%,32.3%,13.8,off-screen,offensive
Brooklyn Nets,14,56,3.6%,0.88,49,18,46,39.1,44.6,10.7%,5.4%,8.9%,0.0%,41.1%,48.3,off-screen,offensive
Denver Nuggets,14,48,3.1%,0.98,47,14,38,36.8,43.4,14.6%,8.3%,12.5%,2.1%,41.7%,65.5,off-screen,offensive
Washington Wizards,10,49,4.5%,0.86,42,17,44,38.6,42.0,6.1%,6.1%,6.1%,2.0%,38.8%,39.3,off-screen,offensive
Miami Heat,13,55,4.0%,0.75,41,17,49,34.7,35.7,9.1%,5.5%,9.1%,3.6%,36.4%,10.3,off-screen,offensive
Houston Rockets,14,49,3.1%,0.82,40,15,42,35.7,42.9,6.1%,8.2%,4.1%,0.0%,34.7%,31.0,off-screen,offensive
Detroit Pistons,14,62,4.0%,0.65,40,15,54,27.8,33.3,8.1%,6.5%,8.1%,1.6%,29.0%,3.4,off-screen,offensive
Chicago Bulls,12,39,2.9%,0.87,34,11,33,33.3,40.9,10.3%,5.1%,7.7%,0.0%,38.5%,44.8,off-screen,offensive
Philadelphia 76ers,15,35,2.2%,0.80,28,10,28,35.7,44.6,5.7%,17.1%,2.9%,2.9%,31.4%,24.1,off-screen,offensive
Utah Jazz,13,35,2.5%,0.60,21,7,29,24.1,29.3,8.6%,8.6%,8.6%,0.0%,25.7%,0.0,off-screen,offensive
Oklahoma City Thunder,15,129,7.5%,1.19,153,66,108,61.1,61.6,14.7%,6.2%,10.9%,4.7%,58.1%,93.1,putbacks,offensive
Detroit Pistons,14,129,8.3%,1.02,131,60,114,52.6,53.1,5.4%,6.2%,5.4%,0.0%,51.2%,41.4,putbacks,offensive
Miami Heat,13,91,6.7%,1.29,117,47,71,66.2,66.2,18.7%,5.5%,18.7%,3.3%,67.0%,96.6,putbacks,offensive
Orlando Magic,14,104,6.6%,1.11,115,53,94,56.4,56.4,5.8%,3.8%,3.8%,0.0%,56.7%,72.4,putbacks,offensive
New York Knicks,15,103,6.3%,1.07,110,48,85,56.5,57.1,7.8%,10.7%,6.8%,1.0%,53.4%,62.1,putbacks,offensive
Minnesota Timberwolves,14,80,5.2%,1.36,109,46,72,63.9,63.9,15.0%,0.0%,11.3%,5.0%,67.5%,100.0,putbacks,offensive
Sacramento Kings,15,106,6.2%,0.98,104,44,91,48.4,48.4,10.4%,5.7%,9.4%,1.9%,50.0%,31.0,putbacks,offensive
Milwaukee Bucks,14,96,6.5%,1.06,102,45,81,55.6,55.6,12.5%,6.3%,9.4%,3.1%,56.3%,55.2,putbacks,offensive
Denver Nuggets,14,108,7.0%,0.94,101,44,88,50.0,50.0,9.3%,11.1%,7.4%,1.9%,46.3%,17.2,putbacks,offensive
Houston Rockets,14,92,5.8%,1.09,100,44,79,55.7,56.3,14.1%,3.3%,13.0%,3.3%,55.4%,65.5,putbacks,offensive
Brooklyn Nets,14,104,6.8%,0.96,100,38,83,45.8,45.8,18.3%,5.8%,14.4%,3.8%,49.0%,24.1,putbacks,offensive
Phoenix Suns,14,93,5.8%,1.06,99,43,80,53.8,54.4,10.8%,5.4%,6.5%,2.2%,54.8%,58.6,putbacks,offensive
Toronto Raptors,15,102,6.2%,0.96,98,40,89,44.9,44.9,11.8%,2.9%,8.8%,2.0%,49.0%,20.7,putbacks,offensive
Portland Trail Blazers,15,83,5.1%,1.17,97,39,64,60.9,61.7,16.9%,7.2%,15.7%,2.4%,59.0%,86.2,putbacks,offensive
Memphis Grizzlies,14,96,6.5%,0.97,93,38,78,48.7,48.7,11.5%,7.3%,9.4%,0.0%,51.0%,27.6,putbacks,offensive
Utah Jazz,13,88,6.3%,1.05,92,36,71,50.7,50.7,17.0%,4.5%,11.4%,2.3%,54.5%,51.7,putbacks,offensive
Philadelphia 76ers,15,84,5.2%,0.99,83,35,70,50.0,50.7,14.3%,4.8%,13.1%,3.6%,50.0%,34.5,putbacks,offensive
Indiana Pacers,13,74,5.2%,1.09,81,34,62,54.8,55.6,12.2%,8.1%,8.1%,4.1%,52.7%,69.0,putbacks,offensive
Boston Celtics,13,88,5.9%,0.90,79,32,73,43.8,43.8,13.6%,6.8%,10.2%,3.4%,46.6%,13.8,putbacks,offensive
Atlanta Hawks,15,68,4.3%,1.15,78,26,50,52.0,52.0,23.5%,4.4%,14.7%,1.5%,60.3%,79.3,putbacks,offensive
Charlotte Hornets,14,61,4.1%,1.18,72,31,54,57.4,57.4,11.5%,1.6%,8.2%,1.6%,59.0%,89.7,putbacks,offensive
Los Angeles Clippers,13,64,4.5%,1.13,72,30,52,57.7,58.7,14.1%,6.3%,12.5%,1.6%,57.8%,75.9,putbacks,offensive
Chicago Bulls,12,70,5.3%,1.03,72,29,56,51.8,51.8,12.9%,7.1%,10.0%,0.0%,52.9%,44.8,putbacks,offensive
Golden State Warriors,15,83,4.9%,0.87,72,29,68,42.6,42.6,12.0%,6.0%,12.0%,1.2%,45.8%,10.3,putbacks,offensive
New Orleans Pelicans,14,68,4.5%,1.01,69,30,59,50.8,51.7,7.4%,5.9%,8.8%,1.5%,50.0%,37.9,putbacks,offensive
Los Angeles Lakers,13,64,4.5%,1.03,66,23,47,48.9,48.9,20.3%,9.4%,20.3%,4.7%,51.6%,48.3,putbacks,offensive
San Antonio Spurs,14,53,3.6%,1.15,61,24,41,58.5,58.5,15.1%,7.5%,11.3%,0.0%,58.5%,82.8,putbacks,offensive
Cleveland Cavaliers,14,64,4.3%,0.83,53,22,54,40.7,40.7,9.4%,9.4%,9.4%,3.1%,40.6%,0.0,putbacks,offensive
Washington Wizards,10,54,4.9%,0.83,45,19,45,42.2,42.2,9.3%,7.4%,7.4%,0.0%,44.4%,3.4,putbacks,offensive
Dallas Mavericks,14,47,3.1%,0.85,40,15,37,40.5,40.5,14.9%,8.5%,10.6%,2.1%,42.6%,6.9,putbacks,offensive
Golden State Warriors,15,130,7.7%,0.77,100,16,30,53.3,60.0,30.0%,48.5%,3.1%,1.5%,40.0%,100.0,misc,offensive
Dallas Mavericks,14,109,7.3%,0.71,77,11,21,52.4,57.1,30.3%,51.4%,2.8%,0.9%,37.6%,96.6,misc,offensive
Los Angeles Clippers,13,106,7.5%,0.65,69,8,21,38.1,40.5,42.5%,38.7%,1.9%,0.9%,41.5%,89.7,misc,offensive
New York Knicks,15,93,5.7%,0.67,62,7,15,46.7,46.7,31.2%,53.8%,3.2%,1.1%,36.6%,93.1,misc,offensive
Memphis Grizzlies,14,98,6.6%,0.63,62,7,17,41.2,41.2,29.6%,53.1%,4.1%,0.0%,35.7%,86.2,misc,offensive
Houston Rockets,14,117,7.4%,0.53,62,9,31,29.0,30.6,25.6%,49.6%,6.0%,1.7%,28.2%,58.6,misc,offensive
Orlando Magic,14,103,6.5%,0.59,61,14,31,45.2,45.2,20.4%,51.5%,2.9%,1.9%,32.0%,79.3,misc,offensive
Detroit Pistons,14,97,6.2%,0.62,60,5,18,27.8,33.3,35.1%,46.4%,2.1%,0.0%,36.1%,82.8,misc,offensive
Miami Heat,13,100,7.4%,0.59,59,7,19,36.8,39.5,32.0%,49.0%,0.0%,0.0%,34.0%,75.9,misc,offensive
Toronto Raptors,15,100,6.1%,0.57,57,7,22,31.8,34.1,28.0%,51.0%,3.0%,1.0%,33.0%,65.5,misc,offensive
Los Angeles Lakers,13,96,6.8%,0.58,56,5,25,20.0,26.0,27.1%,46.9%,3.1%,0.0%,31.3%,72.4,misc,offensive
Minnesota Timberwolves,14,101,6.5%,0.55,56,9,23,39.1,41.3,20.8%,56.4%,1.0%,0.0%,29.7%,62.1,misc,offensive
Phoenix Suns,14,106,6.6%,0.51,54,10,30,33.3,38.3,17.0%,54.7%,1.9%,0.0%,26.4%,50.0,misc,offensive
Cleveland Cavaliers,14,106,7.1%,0.51,54,8,19,42.1,47.4,22.6%,59.4%,0.0%,0.0%,28.3%,50.0,misc,offensive
Denver Nuggets,14,90,5.8%,0.58,52,9,23,39.1,41.3,22.2%,52.2%,4.4%,0.0%,32.2%,69.0,misc,offensive
Oklahoma City Thunder,15,112,6.5%,0.43,48,8,18,44.4,44.4,21.4%,63.4%,0.9%,0.9%,25.9%,20.7,misc,offensive
Atlanta Hawks,15,88,5.5%,0.52,46,5,20,25.0,27.5,25.0%,52.3%,1.1%,0.0%,30.7%,55.2,misc,offensive
Portland Trail Blazers,15,94,5.8%,0.48,45,8,20,40.0,42.5,23.4%,55.3%,4.3%,0.0%,27.7%,39.3,misc,offensive
Sacramento Kings,15,94,5.5%,0.48,45,8,25,32.0,36.0,22.3%,51.1%,0.0%,0.0%,26.6%,39.3,misc,offensive
Boston Celtics,13,100,6.7%,0.43,43,9,24,37.5,37.5,17.0%,60.0%,3.0%,1.0%,24.0%,24.1,misc,offensive
Charlotte Hornets,14,83,5.6%,0.49,41,5,15,33.3,36.7,24.1%,59.0%,2.4%,1.2%,27.7%,44.8,misc,offensive
Philadelphia 76ers,15,85,5.2%,0.47,40,11,22,50.0,54.5,11.8%,62.4%,1.2%,0.0%,24.7%,34.5,misc,offensive
Milwaukee Bucks,14,80,5.5%,0.45,36,8,18,44.4,50.0,12.5%,65.0%,1.3%,0.0%,22.5%,27.6,misc,offensive
San Antonio Spurs,14,94,6.4%,0.38,36,4,17,23.5,26.5,18.1%,63.8%,3.2%,0.0%,22.3%,10.3,misc,offensive
New Orleans Pelicans,14,85,5.6%,0.41,35,4,16,25.0,25.0,18.8%,62.4%,2.4%,0.0%,22.4%,13.8,misc,offensive
Brooklyn Nets,14,74,4.8%,0.46,34,9,19,47.4,50.0,13.5%,62.2%,2.7%,1.4%,24.3%,31.0,misc,offensive
Chicago Bulls,12,80,6.0%,0.41,33,7,19,36.8,36.8,15.0%,61.3%,1.3%,0.0%,22.5%,17.2,misc,offensive
Indiana Pacers,13,91,6.4%,0.32,29,2,13,15.4,15.4,20.9%,64.8%,1.1%,0.0%,20.9%,0.0,misc,offensive
Utah Jazz,13,80,5.8%,0.35,28,5,18,27.8,27.8,15.0%,62.5%,0.0%,0.0%,20.0%,3.4,misc,offensive
Washington Wizards,10,64,5.8%,0.36,23,5,14,35.7,35.7,14.1%,65.6%,3.1%,1.6%,20.3%,6.9,misc,offensive
Indiana Pacers,13,68,4.8%,0.72,49,18,50,36.0,38.0,14.7%,11.8%,8.8%,0.0%,38.2%,96.6,isolation,defensive
Philadelphia 76ers,15,73,4.4%,0.78,57,20,55,36.4,39.1,12.3%,15.1%,11.0%,2.7%,37.0%,65.5,isolation,defensive
Charlotte Hornets,14,79,5.2%,0.78,62,24,61,39.3,40.2,11.4%,13.9%,10.1%,2.5%,39.2%,62.1,isolation,defensive
Washington Wizards,10,77,6.9%,0.87,67,22,50,44.0,47.0,16.9%,18.2%,13.0%,1.3%,42.9%,24.1,isolation,defensive
San Antonio Spurs,14,97,6.6%,0.73,71,26,75,34.7,36.0,13.4%,10.3%,12.4%,1.0%,37.1%,86.2,isolation,defensive
Utah Jazz,13,85,6.3%,0.85,72,27,67,40.3,42.5,11.8%,9.4%,11.8%,0.0%,43.5%,41.4,isolation,defensive
Milwaukee Bucks,14,81,5.3%,0.95,77,30,63,47.6,49.2,12.3%,11.1%,8.6%,1.2%,48.1%,13.8,isolation,defensive
Brooklyn Nets,14,94,6.3%,0.84,79,27,72,37.5,39.6,17.0%,7.4%,12.8%,1.1%,43.6%,44.8,isolation,defensive
Boston Celtics,13,111,7.6%,0.73,81,29,83,34.9,36.7,12.6%,13.5%,9.9%,0.9%,36.0%,92.9,isolation,defensive
Detroit Pistons,14,111,7.5%,0.73,81,31,86,36.0,37.2,9.9%,13.5%,8.1%,0.9%,36.9%,92.9,isolation,defensive
Minnesota Timberwolves,14,105,6.8%,0.80,84,33,86,38.4,39.5,9.5%,11.4%,8.6%,2.9%,38.1%,51.7,isolation,defensive
Chicago Bulls,12,106,7.8%,0.79,84,30,85,35.3,38.2,12.3%,8.5%,11.3%,0.9%,38.7%,55.2,isolation,defensive
Memphis Grizzlies,14,109,7.3%,0.77,84,29,86,33.7,34.9,14.7%,8.3%,13.8%,1.8%,38.5%,69.0,isolation,defensive
Miami Heat,13,99,7.1%,0.86,85,29,79,36.7,38.6,15.2%,10.1%,13.1%,5.1%,39.4%,31.0,isolation,defensive
Orlando Magic,14,106,6.8%,0.80,85,25,72,34.7,35.4,22.6%,12.3%,20.8%,3.8%,41.5%,48.3,isolation,defensive
Phoenix Suns,14,108,7.0%,0.79,85,25,79,31.6,32.9,21.3%,8.3%,18.5%,3.7%,39.8%,58.6,isolation,defensive
Dallas Mavericks,14,114,7.3%,0.75,86,29,89,32.6,34.3,15.8%,8.8%,14.9%,2.6%,37.7%,75.9,isolation,defensive
New York Knicks,15,128,7.9%,0.70,90,28,96,29.2,32.3,18.0%,7.8%,16.4%,2.3%,35.2%,100.0,isolation,defensive
Toronto Raptors,15,94,5.9%,0.99,93,33,69,47.8,50.7,19.1%,13.8%,18.1%,6.4%,47.9%,3.4,isolation,defensive
Portland Trail Blazers,15,96,5.9%,0.97,93,31,70,44.3,45.7,18.8%,12.5%,14.6%,4.2%,46.9%,10.3,isolation,defensive
Atlanta Hawks,15,113,6.9%,0.88,99,38,97,39.2,43.8,8.8%,7.1%,8.0%,1.8%,40.7%,20.7,isolation,defensive
Sacramento Kings,15,114,6.7%,0.87,99,37,90,41.1,45.6,13.2%,8.8%,11.4%,0.9%,43.9%,27.6,isolation,defensive
Cleveland Cavaliers,14,131,8.8%,0.76,100,38,108,35.2,36.1,10.7%,8.4%,9.9%,1.5%,38.2%,72.4,isolation,defensive
New Orleans Pelicans,14,119,7.8%,0.85,101,40,98,40.8,44.4,6.7%,10.9%,4.2%,0.0%,40.3%,37.9,isolation,defensive
Oklahoma City Thunder,15,143,8.4%,0.75,107,38,118,32.2,33.9,12.6%,5.6%,12.6%,0.7%,37.1%,79.3,isolation,defensive
Los Angeles Clippers,13,127,8.7%,0.85,108,36,95,37.9,41.6,12.6%,12.6%,9.4%,0.0%,40.2%,34.5,isolation,defensive
Los Angeles Lakers,13,111,7.7%,0.98,109,38,89,42.7,44.9,17.1%,6.3%,16.2%,3.6%,46.8%,6.9,isolation,defensive
Houston Rockets,14,122,7.7%,0.90,110,39,101,38.6,43.1,13.1%,6.6%,9.8%,2.5%,42.6%,17.2,isolation,defensive
Golden State Warriors,15,166,9.7%,0.74,123,44,135,32.6,34.4,11.4%,9.0%,10.2%,1.8%,35.5%,82.8,isolation,defensive
Denver Nuggets,14,120,7.9%,1.07,128,41,93,44.1,48.4,20.8%,6.7%,15.8%,5.0%,49.2%,0.0,isolation,defensive
Washington Wizards,10,142,12.7%,1.08,153,57,111,51.4,56.3,13.4%,12.0%,10.6%,3.5%,50.0%,51.7,transition,defensive
Chicago Bulls,12,194,14.2%,0.79,153,59,147,40.1,43.2,11.9%,14.4%,10.8%,2.1%,38.7%,100.0,transition,defensive
San Antonio Spurs,14,179,12.2%,0.94,168,63,138,45.7,49.6,11.2%,14.0%,9.5%,2.2%,44.1%,96.6,transition,defensive
Charlotte Hornets,14,166,11.0%,1.13,187,69,122,56.6,63.9,13.3%,13.9%,12.0%,0.6%,52.4%,31.0,transition,defensive
Boston Celtics,13,182,12.5%,1.03,187,74,140,52.9,58.2,11.0%,15.9%,9.9%,3.8%,47.3%,72.4,transition,defensive
Portland Trail Blazers,15,189,11.6%,0.99,188,63,132,47.7,53.0,18.0%,14.3%,14.3%,2.1%,48.1%,89.7,transition,defensive
Los Angeles Clippers,13,166,11.4%,1.14,189,70,129,54.3,62.4,15.1%,11.4%,14.5%,4.2%,51.8%,10.3,transition,defensive
New Orleans Pelicans,14,177,11.6%,1.12,199,72,132,54.5,61.0,14.1%,15.3%,11.3%,4.0%,50.8%,34.5,transition,defensive
Miami Heat,13,193,13.8%,1.03,199,74,144,51.4,57.3,13.0%,14.0%,9.8%,1.6%,48.2%,69.0,transition,defensive
Indiana Pacers,13,210,14.8%,0.95,199,75,149,50.3,54.4,14.8%,17.1%,11.9%,2.9%,45.2%,93.1,transition,defensive
Cleveland Cavaliers,14,183,12.3%,1.12,205,76,142,53.5,59.5,14.8%,10.4%,12.6%,2.7%,52.5%,37.9,transition,defensive
Brooklyn Nets,14,206,13.7%,1.01,208,80,164,48.8,53.7,11.7%,11.7%,11.2%,2.9%,47.6%,86.2,transition,defensive
Los Angeles Lakers,13,187,13.0%,1.13,212,84,152,55.3,59.5,13.9%,7.0%,10.7%,2.1%,56.1%,17.2,transition,defensive
Utah Jazz,13,186,13.8%,1.15,213,78,126,61.9,66.3,16.7%,17.2%,12.9%,1.6%,57.0%,6.9,transition,defensive
Detroit Pistons,14,204,13.8%,1.04,213,77,141,54.6,62.8,13.7%,19.1%,10.3%,2.0%,48.0%,65.5,transition,defensive
Dallas Mavericks,14,214,13.7%,1.02,219,78,153,51.0,55.2,16.4%,15.0%,12.6%,2.8%,49.1%,79.3,transition,defensive
New York Knicks,15,211,13.0%,1.10,232,86,164,52.4,56.7,16.1%,10.9%,13.3%,4.7%,52.1%,44.8,transition,defensive
Milwaukee Bucks,14,209,13.6%,1.13,237,83,150,55.3,59.0,22.0%,10.0%,20.1%,3.8%,56.0%,13.8,transition,defensive
Oklahoma City Thunder,15,232,13.7%,1.03,238,90,184,48.9,54.3,11.2%,10.8%,8.6%,1.7%,48.3%,75.9,transition,defensive
Minnesota Timberwolves,14,202,13.0%,1.20,242,92,156,59.0,64.4,14.4%,11.9%,11.9%,3.5%,55.9%,0.0,transition,defensive
Denver Nuggets,14,230,15.1%,1.07,245,89,178,50.0,55.9,13.5%,11.3%,9.6%,2.2%,48.7%,58.6,transition,defensive
Golden State Warriors,15,219,12.8%,1.13,248,92,163,56.4,61.0,15.1%,13.2%,12.3%,2.7%,53.4%,24.1,transition,defensive
Atlanta Hawks,15,231,14.0%,1.07,248,92,178,51.7,57.6,12.1%,13.4%,10.4%,2.6%,49.4%,55.2,transition,defensive
Orlando Magic,14,225,14.5%,1.13,255,89,167,53.3,60.5,15.6%,11.1%,13.3%,0.9%,53.8%,20.7,transition,defensive
Memphis Grizzlies,14,228,15.3%,1.13,258,95,156,60.9,66.3,18.0%,17.5%,14.5%,3.9%,53.9%,27.6,transition,defensive
Phoenix Suns,14,254,16.5%,1.02,259,105,197,53.3,57.9,8.7%,15.7%,7.9%,2.4%,47.2%,82.8,transition,defensive
Houston Rockets,14,245,15.5%,1.18,290,113,184,61.4,66.0,14.3%,11.8%,12.2%,2.0%,57.1%,3.4,transition,defensive
Toronto Raptors,15,283,17.8%,1.06,299,106,209,50.7,56.9,14.1%,13.8%,12.4%,1.8%,49.5%,62.1,transition,defensive
Sacramento Kings,15,285,16.8%,1.09,311,119,222,53.6,59.9,11.2%,13.3%,8.4%,2.5%,50.2%,48.3,transition,defensive
Philadelphia 76ers,15,288,17.6%,1.10,317,115,215,53.5,59.3,13.9%,14.2%,11.1%,2.8%,51.0%,41.4,transition,defensive
Milwaukee Bucks,14,174,11.4%,0.60,105,36,108,33.3,34.7,12.1%,27.0%,8.0%,1.1%,30.5%,100.0,ball-handler,defensive
Washington Wizards,10,172,15.4%,0.65,112,45,130,34.6,36.5,6.4%,19.8%,5.8%,1.7%,30.8%,93.1,ball-handler,defensive
Atlanta Hawks,15,220,13.3%,0.64,141,59,146,40.4,42.1,4.5%,29.5%,4.1%,0.5%,30.9%,96.6,ball-handler,defensive
Miami Heat,13,235,16.8%,0.66,154,55,171,32.2,33.3,9.8%,18.7%,7.2%,1.3%,31.5%,89.7,ball-handler,defensive
Boston Celtics,13,214,14.7%,0.77,164,54,144,37.5,40.3,14.5%,19.2%,10.3%,0.9%,38.8%,65.5,ball-handler,defensive
Houston Rockets,14,214,13.5%,0.79,168,63,150,42.0,46.7,8.9%,22.0%,8.4%,0.9%,36.9%,44.8,ball-handler,defensive
Brooklyn Nets,14,200,13.3%,0.87,173,64,138,46.4,51.4,10.5%,22.0%,8.0%,1.5%,40.0%,17.2,ball-handler,defensive
Denver Nuggets,14,215,14.1%,0.82,177,71,161,44.1,47.5,7.0%,19.1%,6.5%,0.9%,38.6%,34.5,ball-handler,defensive
Orlando Magic,14,232,14.9%,0.77,178,70,178,39.3,41.3,9.5%,15.5%,6.9%,1.7%,37.1%,58.6,ball-handler,defensive
Philadelphia 76ers,15,266,16.2%,0.68,181,68,208,32.7,34.4,8.3%,13.9%,6.4%,0.4%,33.5%,86.2,ball-handler,defensive
Cleveland Cavaliers,14,252,17.0%,0.74,187,70,197,35.5,37.6,9.1%,13.9%,8.3%,1.6%,35.3%,72.4,ball-handler,defensive
Los Angeles Lakers,13,227,15.8%,0.83,189,73,168,43.5,45.8,11.0%,17.6%,9.3%,3.1%,39.6%,31.0,ball-handler,defensive
Toronto Raptors,15,269,16.9%,0.72,193,72,198,36.4,38.1,8.9%,17.8%,7.1%,0.7%,34.9%,82.8,ball-handler,defensive
Los Angeles Clippers,13,262,18.0%,0.75,197,79,210,37.6,41.0,6.1%,14.9%,6.1%,1.5%,34.4%,69.0,ball-handler,defensive
Chicago Bulls,12,253,18.5%,0.80,202,81,204,39.7,43.1,7.5%,12.6%,7.1%,0.8%,37.9%,37.9,ball-handler,defensive
Indiana Pacers,13,262,18.5%,0.77,203,81,191,42.4,44.5,7.6%,20.2%,6.1%,1.1%,37.4%,51.7,ball-handler,defensive
Utah Jazz,13,248,18.5%,0.86,213,82,189,43.4,46.6,9.3%,15.7%,6.9%,1.2%,41.1%,20.7,ball-handler,defensive
Charlotte Hornets,14,273,18.1%,0.78,213,87,215,40.5,42.3,7.0%,15.0%,5.1%,0.7%,38.1%,48.3,ball-handler,defensive
Oklahoma City Thunder,15,290,17.1%,0.74,215,79,218,36.2,38.1,12.4%,14.8%,10.0%,2.4%,35.9%,75.9,ball-handler,defensive
Memphis Grizzlies,14,249,16.7%,0.87,216,79,178,44.4,50.3,10.0%,20.1%,7.2%,1.6%,40.2%,10.3,ball-handler,defensive
New Orleans Pelicans,14,246,16.1%,0.88,217,77,182,42.3,47.0,11.0%,17.5%,10.6%,2.4%,39.4%,3.4,ball-handler,defensive
Dallas Mavericks,14,283,18.1%,0.77,217,79,213,37.1,41.8,8.5%,16.6%,6.0%,0.4%,35.7%,62.1,ball-handler,defensive
San Antonio Spurs,14,286,19.5%,0.77,221,93,230,40.4,42.4,5.9%,14.3%,3.8%,1.0%,37.1%,55.2,ball-handler,defensive
Sacramento Kings,15,263,15.5%,0.87,228,92,207,44.4,47.8,8.7%,14.4%,5.7%,1.9%,41.8%,13.8,ball-handler,defensive
Detroit Pistons,14,301,20.4%,0.80,240,96,232,41.4,43.3,9.3%,15.0%,8.0%,1.3%,39.9%,41.4,ball-handler,defensive
Golden State Warriors,15,338,19.8%,0.73,246,94,255,36.9,39.6,8.9%,16.9%,6.8%,1.2%,34.6%,79.3,ball-handler,defensive
New York Knicks,15,292,18.1%,0.85,248,97,235,41.3,44.5,8.6%,11.6%,7.2%,1.0%,40.8%,24.1,ball-handler,defensive
Minnesota Timberwolves,14,305,19.7%,0.84,257,101,243,41.6,45.5,9.5%,13.1%,8.9%,3.0%,39.3%,27.6,ball-handler,defensive
Portland Trail Blazers,15,296,18.2%,0.90,266,105,245,42.9,45.5,8.8%,9.1%,8.1%,0.7%,43.6%,0.0,ball-handler,defensive
Phoenix Suns,14,311,20.2%,0.87,270,112,246,45.5,48.6,8.7%,14.8%,7.7%,2.6%,40.8%,6.9,ball-handler,defensive
Washington Wizards,10,76,6.8%,0.86,65,25,61,41.0,43.4,10.5%,9.2%,10.5%,0.0%,43.4%,89.7,roll-man,defensive
Phoenix Suns,14,82,5.3%,0.82,67,27,65,41.5,43.8,12.2%,9.8%,9.8%,1.2%,41.5%,100.0,roll-man,defensive
Utah Jazz,13,83,6.2%,0.82,68,28,72,38.9,41.0,7.2%,8.4%,7.2%,2.4%,38.6%,96.6,roll-man,defensive
Miami Heat,13,83,5.9%,0.92,76,31,68,45.6,50.0,9.6%,8.4%,8.4%,0.0%,45.8%,82.8,roll-man,defensive
Memphis Grizzlies,14,82,5.5%,0.99,81,33,65,50.8,53.8,8.5%,11.0%,8.5%,0.0%,48.8%,55.2,roll-man,defensive
Houston Rockets,14,87,5.5%,0.93,81,35,73,47.9,49.3,6.9%,9.2%,5.7%,0.0%,46.0%,78.6,roll-man,defensive
Los Angeles Clippers,13,78,5.4%,1.14,89,34,63,54.0,57.1,15.4%,5.1%,14.1%,1.3%,57.7%,10.3,roll-man,defensive
Orlando Magic,14,87,5.6%,1.02,89,33,72,45.8,49.3,13.8%,6.9%,12.6%,3.4%,47.1%,51.7,roll-man,defensive
Chicago Bulls,12,93,6.8%,0.96,89,36,82,43.9,47.6,14.0%,3.2%,14.0%,5.4%,46.2%,69.0,roll-man,defensive
Minnesota Timberwolves,14,93,6.0%,0.98,91,35,76,46.1,50.0,11.8%,9.7%,11.8%,3.2%,46.2%,58.6,roll-man,defensive
Denver Nuggets,14,89,5.8%,1.04,93,39,72,54.2,56.3,14.6%,10.1%,14.6%,5.6%,52.8%,37.9,roll-man,defensive
Milwaukee Bucks,14,100,6.5%,0.96,96,37,80,46.3,51.3,10.0%,13.0%,9.0%,3.0%,44.0%,65.5,roll-man,defensive
Cleveland Cavaliers,14,93,6.3%,1.04,97,41,81,50.6,54.3,9.7%,5.4%,8.6%,2.2%,48.4%,42.9,roll-man,defensive
Brooklyn Nets,14,93,6.2%,1.04,97,41,76,53.9,54.6,10.8%,11.8%,9.7%,4.3%,50.5%,42.9,roll-man,defensive
Golden State Warriors,15,104,6.1%,0.94,98,41,79,51.9,53.8,12.5%,12.5%,11.5%,1.0%,46.2%,72.4,roll-man,defensive
Boston Celtics,13,106,7.3%,0.96,102,43,89,48.3,52.2,10.4%,8.5%,10.4%,2.8%,45.3%,62.1,roll-man,defensive
San Antonio Spurs,14,123,8.4%,0.85,105,44,106,41.5,44.3,6.5%,8.1%,5.7%,0.8%,41.5%,93.1,roll-man,defensive
Dallas Mavericks,14,99,6.3%,1.09,108,45,87,51.7,55.2,13.1%,2.0%,12.1%,3.0%,54.5%,17.9,roll-man,defensive
Oklahoma City Thunder,15,116,6.8%,0.93,108,43,94,45.7,48.9,10.3%,9.5%,10.3%,0.9%,45.7%,78.6,roll-man,defensive
New York Knicks,15,121,7.5%,0.89,108,41,102,40.2,42.6,11.6%,4.1%,10.7%,0.0%,43.8%,86.2,roll-man,defensive
Indiana Pacers,13,102,7.2%,1.07,109,43,86,50.0,54.1,15.7%,5.9%,15.7%,5.9%,52.0%,31.0,roll-man,defensive
Los Angeles Lakers,13,105,7.3%,1.12,118,48,88,54.5,58.0,12.4%,7.6%,12.4%,3.8%,54.3%,13.8,roll-man,defensive
Toronto Raptors,15,105,6.6%,1.15,121,50,88,56.8,60.8,10.5%,6.7%,9.5%,1.0%,57.1%,3.4,roll-man,defensive
Atlanta Hawks,15,113,6.9%,1.07,121,48,95,50.5,54.7,11.5%,7.1%,10.6%,2.7%,51.3%,27.6,roll-man,defensive
Philadelphia 76ers,15,122,7.4%,1.03,126,46,104,44.2,47.6,14.8%,4.9%,12.3%,4.9%,47.5%,48.3,roll-man,defensive
Portland Trail Blazers,15,119,7.3%,1.08,128,52,100,52.0,56.5,9.2%,7.6%,8.4%,0.8%,51.3%,24.1,roll-man,defensive
Sacramento Kings,15,113,6.7%,1.15,130,48,89,53.9,58.4,16.8%,8.8%,15.0%,4.4%,54.9%,6.9,roll-man,defensive
Detroit Pistons,14,140,9.5%,1.05,147,64,120,53.3,55.8,7.9%,6.4%,5.0%,0.0%,52.1%,34.5,roll-man,defensive
Charlotte Hornets,14,123,8.2%,1.24,153,59,107,55.1,59.8,11.4%,3.3%,10.6%,1.6%,57.7%,0.0,roll-man,defensive
New Orleans Pelicans,14,143,9.4%,1.09,156,61,120,50.8,57.5,11.2%,7.0%,8.4%,2.1%,50.3%,17.9,roll-man,defensive
Washington Wizards,10,71,6.4%,0.72,51,19,49,38.8,38.8,12.7%,18.3%,8.5%,0.0%,38.0%,96.6,post-up,defensive
Toronto Raptors,15,75,4.7%,0.73,55,19,52,36.5,36.5,17.3%,17.3%,16.0%,4.0%,37.3%,86.2,post-up,defensive
Utah Jazz,13,86,6.4%,0.66,57,19,61,31.1,31.1,16.3%,16.3%,14.0%,4.7%,33.7%,100.0,post-up,defensive
Phoenix Suns,14,79,5.1%,0.91,72,30,64,46.9,46.9,11.4%,11.4%,10.1%,3.8%,45.6%,13.8,post-up,defensive
Memphis Grizzlies,14,83,5.6%,0.90,75,29,61,47.5,47.5,18.1%,10.8%,8.4%,2.4%,44.6%,17.2,post-up,defensive
Los Angeles Lakers,13,103,7.2%,0.73,75,29,83,34.9,34.9,9.7%,9.7%,9.7%,0.0%,37.9%,93.1,post-up,defensive
San Antonio Spurs,14,103,7.0%,0.75,77,32,77,41.6,41.6,9.7%,16.5%,7.8%,1.0%,37.9%,82.8,post-up,defensive
Orlando Magic,14,97,6.2%,0.87,84,32,69,46.4,46.4,17.5%,13.4%,14.4%,2.1%,46.4%,34.5,post-up,defensive
Minnesota Timberwolves,14,118,7.6%,0.73,86,35,85,41.2,41.2,11.9%,19.5%,8.5%,3.4%,38.1%,89.7,post-up,defensive
Indiana Pacers,13,113,8.0%,0.78,88,35,84,41.7,41.7,11.5%,16.8%,8.8%,2.7%,39.8%,75.9,post-up,defensive
Houston Rockets,14,103,6.5%,0.86,89,33,79,41.8,41.8,14.6%,11.7%,14.6%,2.9%,43.7%,37.9,post-up,defensive
Detroit Pistons,14,104,7.0%,0.89,93,36,77,46.8,46.8,16.3%,11.5%,13.5%,1.9%,47.1%,20.7,post-up,defensive
Los Angeles Clippers,13,108,7.4%,0.86,93,36,77,46.8,46.8,15.7%,15.7%,13.0%,2.8%,45.4%,41.4,post-up,defensive
Charlotte Hornets,14,121,8.0%,0.80,97,38,89,42.7,42.7,12.4%,16.5%,10.7%,2.5%,41.3%,72.4,post-up,defensive
New York Knicks,15,136,8.4%,0.76,103,41,99,41.4,41.4,11.8%,15.4%,9.6%,0.0%,41.2%,79.3,post-up,defensive
Miami Heat,13,128,9.2%,0.83,106,42,99,42.4,42.4,14.1%,13.3%,12.5%,4.7%,42.2%,62.1,post-up,defensive
Boston Celtics,13,124,8.5%,0.87,108,37,88,42.0,42.0,19.4%,12.1%,14.5%,2.4%,45.2%,31.0,post-up,defensive
Sacramento Kings,15,130,7.7%,0.84,109,44,100,44.0,44.0,13.8%,13.8%,12.3%,4.6%,41.5%,55.2,post-up,defensive
Denver Nuggets,14,124,8.1%,0.89,110,44,98,44.9,44.9,12.9%,11.3%,12.9%,3.2%,45.2%,24.1,post-up,defensive
Chicago Bulls,12,133,9.7%,0.83,110,45,104,43.3,43.3,12.0%,11.3%,9.0%,1.5%,43.6%,65.5,post-up,defensive
Atlanta Hawks,15,134,8.1%,0.82,110,44,109,40.4,40.4,11.2%,10.4%,10.4%,3.0%,40.3%,69.0,post-up,defensive
Milwaukee Bucks,14,110,7.2%,1.02,112,39,74,52.7,52.7,22.7%,13.6%,14.5%,3.6%,52.7%,0.0,post-up,defensive
Brooklyn Nets,14,116,7.7%,0.97,113,46,88,52.3,52.3,12.1%,13.8%,8.6%,1.7%,50.0%,3.4,post-up,defensive
New Orleans Pelicans,14,149,9.8%,0.86,128,51,115,44.3,44.3,12.1%,13.4%,10.1%,2.7%,43.6%,44.8,post-up,defensive
Cleveland Cavaliers,14,153,10.3%,0.84,129,57,129,44.2,44.2,9.2%,9.2%,4.6%,2.6%,42.5%,51.7,post-up,defensive
Oklahoma City Thunder,15,158,9.3%,0.83,131,50,124,40.3,40.3,12.7%,10.1%,10.8%,1.3%,42.4%,58.6,post-up,defensive
Dallas Mavericks,14,160,10.2%,0.91,146,59,123,48.0,48.0,11.9%,13.1%,10.6%,1.9%,46.3%,10.3,post-up,defensive
Golden State Warriors,15,173,10.1%,0.84,146,57,131,43.5,43.5,13.3%,13.9%,11.0%,2.9%,42.8%,48.3,post-up,defensive
Portland Trail Blazers,15,177,10.9%,0.89,157,62,140,44.3,44.3,14.1%,9.6%,11.9%,2.8%,45.8%,27.6,post-up,defensive
Philadelphia 76ers,15,165,10.1%,0.96,159,67,135,49.6,49.6,10.3%,9.1%,9.7%,1.2%,49.7%,6.9,post-up,defensive
New York Knicks,15,220,13.6%,0.78,172,60,198,30.3,39.4,5.0%,5.5%,4.5%,0.5%,31.4%,100.0,spot-up,defensive
Indiana Pacers,13,225,15.9%,0.89,200,72,202,35.6,47.0,3.6%,7.1%,3.6%,0.4%,35.1%,58.6,spot-up,defensive
Miami Heat,13,268,19.2%,0.78,210,76,241,31.5,40.0,4.1%,6.0%,3.7%,0.0%,31.7%,96.6,spot-up,defensive
Golden State Warriors,15,247,14.5%,0.89,220,81,221,36.7,45.2,3.6%,6.9%,3.2%,0.0%,36.4%,55.2,spot-up,defensive
Chicago Bulls,12,237,17.3%,0.97,229,83,216,38.4,49.8,3.4%,5.5%,3.4%,0.0%,38.4%,37.9,spot-up,defensive
Los Angeles Clippers,13,265,18.2%,0.88,234,81,234,34.6,44.4,6.0%,6.0%,4.2%,0.4%,36.2%,65.5,spot-up,defensive
Dallas Mavericks,14,272,17.4%,0.86,235,86,246,35.0,44.9,3.7%,6.6%,2.2%,0.7%,34.6%,82.8,spot-up,defensive
Minnesota Timberwolves,14,284,18.3%,0.83,235,86,259,33.2,42.7,3.9%,5.6%,3.5%,0.7%,33.5%,89.7,spot-up,defensive
Detroit Pistons,14,224,15.1%,1.05,236,81,195,41.5,55.1,5.4%,8.5%,4.9%,0.9%,40.6%,10.3,spot-up,defensive
Utah Jazz,13,255,19.0%,0.95,242,82,222,36.9,48.4,7.1%,6.3%,5.9%,0.4%,38.4%,44.8,spot-up,defensive
Boston Celtics,13,278,19.1%,0.87,242,88,242,36.4,46.3,3.6%,9.7%,3.6%,0.4%,34.9%,79.3,spot-up,defensive
Charlotte Hornets,14,307,20.4%,0.80,246,93,283,32.9,42.2,3.3%,5.9%,2.9%,1.3%,31.3%,93.1,spot-up,defensive
Philadelphia 76ers,15,260,15.8%,0.95,248,85,233,36.5,47.4,7.7%,5.0%,6.9%,2.3%,38.1%,41.4,spot-up,defensive
Los Angeles Lakers,13,295,20.5%,0.85,250,89,273,32.6,43.4,3.1%,5.1%,2.7%,0.7%,32.5%,86.2,spot-up,defensive
Phoenix Suns,14,284,18.5%,0.90,256,93,256,36.3,47.5,3.5%,7.0%,3.2%,0.7%,35.6%,51.7,spot-up,defensive
San Antonio Spurs,14,269,18.3%,0.97,260,96,244,39.3,49.6,4.1%,5.6%,2.2%,0.7%,39.0%,34.5,spot-up,defensive
Cleveland Cavaliers,14,262,17.7%,1.03,270,97,234,41.5,52.4,6.1%,5.7%,5.0%,1.1%,41.6%,13.8,spot-up,defensive
Portland Trail Blazers,15,305,18.7%,0.89,271,101,279,36.2,45.9,4.3%,5.6%,4.3%,1.3%,35.7%,62.1,spot-up,defensive
New Orleans Pelicans,14,267,17.5%,1.02,272,96,246,39.0,51.2,5.6%,3.4%,5.2%,1.1%,40.4%,20.7,spot-up,defensive
Memphis Grizzlies,14,269,18.1%,1.01,272,97,234,41.5,53.8,5.2%,8.9%,4.1%,1.1%,40.1%,24.1,spot-up,defensive
Sacramento Kings,15,310,18.2%,0.88,272,99,280,35.4,45.4,3.9%,6.5%,3.5%,0.6%,34.8%,72.4,spot-up,defensive
Washington Wizards,10,254,22.8%,1.09,278,100,227,44.1,57.3,3.9%,6.7%,3.5%,0.0%,43.3%,0.0,spot-up,defensive
Oklahoma City Thunder,15,266,15.7%,1.06,281,98,223,43.9,56.5,9.0%,9.4%,7.9%,2.3%,42.9%,6.9,spot-up,defensive
Houston Rockets,14,329,20.8%,0.88,288,102,297,34.3,44.8,4.3%,5.5%,2.7%,0.0%,35.0%,75.9,spot-up,defensive
Toronto Raptors,15,312,19.6%,0.93,290,100,279,35.8,47.7,3.8%,6.4%,3.5%,0.0%,35.9%,48.3,spot-up,defensive
Denver Nuggets,14,310,20.3%,1.03,318,110,273,40.3,54.6,3.5%,8.7%,3.2%,0.3%,38.7%,17.2,spot-up,defensive
Orlando Magic,14,382,24.5%,0.88,336,119,341,34.9,46.2,3.7%,7.6%,3.1%,0.5%,34.3%,69.0,spot-up,defensive
Atlanta Hawks,15,366,22.2%,0.97,355,127,326,39.0,49.8,5.2%,6.6%,4.9%,1.1%,38.8%,31.0,spot-up,defensive
Brooklyn Nets,14,330,22.0%,1.08,357,127,307,41.4,54.9,3.6%,4.2%,3.3%,0.9%,41.2%,3.4,spot-up,defensive
Milwaukee Bucks,14,385,25.1%,0.99,381,138,346,39.9,51.7,4.2%,7.3%,3.9%,1.3%,38.7%,27.6,spot-up,defensive
Miami Heat,13,45,3.2%,0.80,36,12,35,34.3,37.1,11.1%,11.1%,11.1%,0.0%,37.8%,89.7,hand-off,defensive
Chicago Bulls,12,48,3.5%,0.83,40,14,39,35.9,41.0,8.3%,10.4%,6.3%,0.0%,37.5%,86.2,hand-off,defensive
Cleveland Cavaliers,14,57,3.8%,0.75,43,14,45,31.1,36.7,10.5%,12.3%,10.5%,1.8%,33.3%,96.6,hand-off,defensive
Washington Wizards,10,45,4.0%,0.98,44,17,36,47.2,52.8,8.9%,13.3%,4.4%,2.2%,44.4%,27.6,hand-off,defensive
Los Angeles Lakers,13,51,3.6%,0.94,48,20,44,45.5,47.7,7.8%,7.8%,5.9%,2.0%,45.1%,48.3,hand-off,defensive
Sacramento Kings,15,54,3.2%,0.89,48,17,38,44.7,47.4,13.0%,18.5%,9.3%,1.9%,42.6%,69.0,hand-off,defensive
Denver Nuggets,14,58,3.8%,0.86,50,19,47,40.4,45.7,6.9%,12.1%,6.9%,0.0%,39.7%,75.9,hand-off,defensive
Orlando Magic,14,58,3.7%,0.88,51,20,45,44.4,48.9,10.3%,15.5%,6.9%,3.4%,39.7%,72.4,hand-off,defensive
Atlanta Hawks,15,66,4.0%,0.79,52,21,59,35.6,42.4,3.0%,9.1%,3.0%,1.5%,33.3%,93.1,hand-off,defensive
San Antonio Spurs,14,57,3.9%,0.93,53,23,44,52.3,54.5,7.0%,17.5%,7.0%,1.8%,45.6%,58.6,hand-off,defensive
Memphis Grizzlies,14,67,4.5%,0.84,56,18,47,38.3,46.8,9.0%,20.9%,4.5%,0.0%,35.8%,82.8,hand-off,defensive
Boston Celtics,13,65,4.5%,0.89,58,21,46,45.7,52.2,9.2%,21.5%,6.2%,1.5%,40.0%,65.5,hand-off,defensive
Indiana Pacers,13,77,5.4%,0.75,58,23,64,35.9,39.8,6.5%,10.4%,6.5%,0.0%,36.4%,100.0,hand-off,defensive
New Orleans Pelicans,14,59,3.9%,1.02,60,28,54,51.9,54.6,1.7%,6.8%,1.7%,0.0%,49.2%,17.2,hand-off,defensive
Utah Jazz,13,60,4.5%,1.00,60,22,47,46.8,53.2,11.7%,11.7%,10.0%,1.7%,46.7%,21.4,hand-off,defensive
Golden State Warriors,15,65,3.8%,0.92,60,22,58,37.9,44.8,9.2%,3.1%,9.2%,1.5%,40.0%,62.1,hand-off,defensive
Toronto Raptors,15,65,4.1%,0.94,61,21,51,41.2,50.0,10.8%,10.8%,6.2%,0.0%,43.1%,51.7,hand-off,defensive
Brooklyn Nets,14,72,4.8%,0.86,62,21,57,36.8,42.1,12.5%,11.1%,12.5%,2.8%,38.9%,79.3,hand-off,defensive
Los Angeles Clippers,13,61,4.2%,1.08,66,23,51,45.1,54.9,9.8%,8.2%,8.2%,1.6%,45.9%,6.9,hand-off,defensive
Milwaukee Bucks,14,70,4.6%,0.97,68,27,58,46.6,54.3,4.3%,12.9%,2.9%,0.0%,42.9%,31.0,hand-off,defensive
Philadelphia 76ers,15,74,4.5%,0.93,69,27,62,43.5,47.6,9.5%,8.1%,6.8%,1.4%,43.2%,55.2,hand-off,defensive
Detroit Pistons,14,73,4.9%,0.96,70,28,60,46.7,50.0,8.2%,11.0%,6.8%,1.4%,45.2%,34.5,hand-off,defensive
Dallas Mavericks,14,75,4.8%,0.95,71,27,62,43.5,53.2,4.0%,13.3%,4.0%,0.0%,40.0%,44.8,hand-off,defensive
Minnesota Timberwolves,14,68,4.4%,1.06,72,27,57,47.4,57.0,10.3%,10.3%,8.8%,4.4%,44.1%,13.8,hand-off,defensive
Houston Rockets,14,69,4.4%,1.07,74,29,59,49.2,58.5,4.3%,10.1%,0.0%,0.0%,46.4%,10.3,hand-off,defensive
Phoenix Suns,14,76,4.9%,1.00,76,30,64,46.9,53.9,5.3%,10.5%,2.6%,0.0%,44.7%,21.4,hand-off,defensive
Portland Trail Blazers,15,84,5.2%,0.95,80,30,76,39.5,46.7,8.3%,3.6%,7.1%,2.4%,41.7%,41.4,hand-off,defensive
New York Knicks,15,89,5.5%,0.96,85,32,73,43.8,48.6,11.2%,7.9%,12.4%,2.2%,44.9%,37.9,hand-off,defensive
Charlotte Hornets,14,80,5.3%,1.10,88,34,65,52.3,58.5,7.5%,11.3%,5.0%,0.0%,50.0%,3.4,hand-off,defensive
Oklahoma City Thunder,15,81,4.8%,1.11,90,33,69,47.8,57.2,9.9%,7.4%,7.4%,2.5%,48.1%,0.0,hand-off,defensive
Detroit Pistons,14,82,5.5%,1.18,97,43,68,63.2,63.2,12.2%,8.5%,11.0%,3.7%,58.5%,44.8,cut,defensive
Minnesota Timberwolves,14,97,6.3%,1.06,103,49,85,57.6,57.6,8.2%,7.2%,8.2%,3.1%,53.6%,89.7,cut,defensive
Dallas Mavericks,14,94,6.0%,1.13,106,46,80,57.5,57.5,11.7%,6.4%,11.7%,3.2%,57.4%,72.4,cut,defensive
Cleveland Cavaliers,14,102,6.9%,1.04,106,41,81,50.6,50.6,16.7%,3.9%,16.7%,1.0%,53.9%,96.6,cut,defensive
Phoenix Suns,14,91,5.9%,1.20,109,43,69,62.3,62.3,22.0%,5.5%,19.8%,3.3%,61.5%,34.5,cut,defensive
Chicago Bulls,12,91,6.7%,1.25,114,48,74,64.9,64.9,18.7%,6.6%,17.6%,6.6%,62.6%,13.8,cut,defensive
Denver Nuggets,14,100,6.5%,1.17,117,51,82,62.2,62.2,13.0%,9.0%,13.0%,4.0%,59.0%,48.3,cut,defensive
Utah Jazz,13,104,7.7%,1.13,117,45,80,56.3,56.3,19.2%,6.7%,16.3%,2.9%,56.7%,75.9,cut,defensive
Miami Heat,13,114,8.2%,1.04,118,50,93,53.8,53.8,13.2%,7.9%,12.3%,2.6%,53.5%,100.0,cut,defensive
San Antonio Spurs,14,106,7.2%,1.13,120,50,86,58.1,58.1,14.2%,8.5%,13.2%,3.8%,57.5%,69.0,cut,defensive
Indiana Pacers,13,95,6.7%,1.32,125,53,74,71.6,71.6,15.8%,11.6%,14.7%,5.3%,65.3%,3.4,cut,defensive
Washington Wizards,10,104,9.3%,1.21,126,50,83,60.2,60.2,22.1%,4.8%,20.2%,7.7%,60.6%,31.0,cut,defensive
Portland Trail Blazers,15,102,6.3%,1.25,127,46,79,58.2,58.2,26.5%,3.9%,26.5%,7.8%,63.7%,20.7,cut,defensive
Boston Celtics,13,113,7.8%,1.14,129,51,87,58.6,58.6,15.9%,9.7%,13.3%,2.7%,58.4%,62.1,cut,defensive
Philadelphia 76ers,15,118,7.2%,1.11,131,54,93,58.1,58.1,16.9%,9.3%,16.1%,5.1%,56.8%,82.8,cut,defensive
Los Angeles Clippers,13,109,7.5%,1.24,135,57,86,66.3,66.3,13.8%,8.3%,11.9%,0.9%,64.2%,24.1,cut,defensive
Golden State Warriors,15,116,6.8%,1.16,135,56,93,60.2,60.2,15.5%,6.9%,15.5%,2.6%,59.5%,58.6,cut,defensive
Brooklyn Nets,14,119,7.9%,1.13,135,59,98,60.2,60.2,10.9%,9.2%,10.9%,2.5%,57.1%,65.5,cut,defensive
Oklahoma City Thunder,15,110,6.5%,1.25,137,56,87,64.4,64.4,20.0%,8.2%,16.4%,7.3%,62.7%,17.2,cut,defensive
Los Angeles Lakers,13,112,7.8%,1.22,137,55,90,61.1,61.1,17.9%,4.5%,17.0%,2.7%,63.4%,27.6,cut,defensive
Atlanta Hawks,15,119,7.2%,1.17,139,60,91,65.9,65.9,14.3%,12.6%,12.6%,3.4%,59.7%,55.2,cut,defensive
Sacramento Kings,15,111,6.5%,1.26,140,65,97,67.0,67.0,12.6%,5.4%,12.6%,5.4%,64.9%,10.3,cut,defensive
Memphis Grizzlies,14,127,8.5%,1.10,140,55,98,56.1,56.1,18.9%,7.1%,15.7%,3.1%,57.5%,86.2,cut,defensive
New Orleans Pelicans,14,107,7.0%,1.32,141,58,87,66.7,66.7,16.8%,7.5%,15.0%,5.6%,64.5%,0.0,cut,defensive
Orlando Magic,14,137,8.8%,1.04,143,62,111,55.9,55.9,13.9%,8.8%,13.1%,3.6%,53.3%,93.1,cut,defensive
Charlotte Hornets,14,123,8.2%,1.28,158,68,106,64.2,64.2,12.2%,4.1%,12.2%,2.4%,65.0%,6.9,cut,defensive
Toronto Raptors,15,133,8.4%,1.19,158,69,109,63.3,63.3,10.5%,9.0%,10.5%,1.5%,60.2%,41.4,cut,defensive
New York Knicks,15,134,8.3%,1.19,160,59,101,58.4,58.4,23.9%,6.7%,20.9%,6.0%,60.4%,37.9,cut,defensive
Milwaukee Bucks,14,145,9.5%,1.12,163,62,109,56.9,56.9,18.6%,8.3%,15.2%,2.1%,59.3%,79.3,cut,defensive
Houston Rockets,14,142,9.0%,1.17,166,70,119,58.8,58.8,14.1%,5.6%,14.1%,3.5%,58.5%,51.7,cut,defensive
Washington Wizards,10,43,3.9%,0.77,33,13,40,32.5,37.5,4.7%,4.7%,4.7%,2.3%,32.6%,86.2,off-screen,defensive
Toronto Raptors,15,79,5.0%,0.63,50,21,74,28.4,33.1,1.3%,5.1%,1.3%,0.0%,27.8%,100.0,off-screen,defensive
Boston Celtics,13,63,4.3%,0.81,51,19,52,36.5,43.3,7.9%,11.1%,4.8%,1.6%,34.9%,72.4,off-screen,defensive
Utah Jazz,13,64,4.8%,0.80,51,17,51,33.3,41.2,9.4%,10.9%,7.8%,0.0%,34.4%,79.3,off-screen,defensive
Indiana Pacers,13,77,5.4%,0.66,51,19,66,28.8,33.3,7.8%,6.5%,5.2%,0.0%,32.5%,96.6,off-screen,defensive
Milwaukee Bucks,14,59,3.9%,0.90,53,19,47,40.4,48.9,10.2%,11.9%,8.5%,1.7%,40.7%,55.2,off-screen,defensive
Houston Rockets,14,64,4.1%,0.86,55,20,57,35.1,43.9,6.3%,4.7%,4.7%,0.0%,37.5%,62.1,off-screen,defensive
Chicago Bulls,12,69,5.0%,0.80,55,20,64,31.3,36.7,8.7%,1.4%,8.7%,2.9%,34.8%,75.9,off-screen,defensive
Golden State Warriors,15,59,3.5%,0.95,56,19,48,39.6,42.7,13.6%,6.8%,13.6%,1.7%,44.1%,44.8,off-screen,defensive
Detroit Pistons,14,82,5.5%,0.74,61,22,65,33.8,40.8,7.3%,14.6%,6.1%,1.2%,32.9%,93.1,off-screen,defensive
Cleveland Cavaliers,14,70,4.7%,0.89,62,24,60,40.0,48.3,5.7%,11.4%,5.7%,2.9%,37.1%,58.6,off-screen,defensive
Los Angeles Lakers,13,86,6.0%,0.79,68,24,76,31.6,40.1,7.0%,7.0%,8.1%,3.5%,31.4%,82.8,off-screen,defensive
San Antonio Spurs,14,85,5.8%,0.81,69,28,74,37.8,41.9,7.1%,5.9%,5.9%,0.0%,38.8%,69.0,off-screen,defensive
Los Angeles Clippers,13,90,6.2%,0.77,69,23,73,31.5,37.0,10.0%,8.9%,7.8%,0.0%,35.6%,89.7,off-screen,defensive
Oklahoma City Thunder,15,80,4.7%,0.95,76,29,70,41.4,49.3,5.0%,8.8%,5.0%,1.3%,40.0%,41.4,off-screen,defensive
Dallas Mavericks,14,65,4.2%,1.18,77,27,58,46.6,57.8,7.7%,4.6%,7.7%,1.5%,47.7%,3.4,off-screen,defensive
Miami Heat,13,90,6.4%,0.86,77,28,79,35.4,41.8,8.9%,4.4%,7.8%,1.1%,37.8%,65.5,off-screen,defensive
Atlanta Hawks,15,81,4.9%,0.96,78,30,73,41.1,49.3,7.4%,6.2%,7.4%,3.7%,40.7%,37.9,off-screen,defensive
Orlando Magic,14,70,4.5%,1.13,79,30,58,51.7,60.3,8.6%,10.0%,5.7%,1.4%,50.0%,10.3,off-screen,defensive
Phoenix Suns,14,74,4.8%,1.07,79,28,60,46.7,56.7,9.5%,9.5%,6.8%,0.0%,47.3%,20.7,off-screen,defensive
Portland Trail Blazers,15,87,5.3%,0.91,79,31,76,40.8,48.0,5.7%,8.0%,4.6%,1.1%,40.2%,48.3,off-screen,defensive
Memphis Grizzlies,14,83,5.6%,1.04,86,31,71,43.7,52.8,9.6%,7.2%,6.0%,2.4%,44.6%,24.1,off-screen,defensive
Denver Nuggets,14,95,6.2%,0.91,86,34,81,42.0,50.6,4.2%,11.6%,3.2%,1.1%,37.9%,51.7,off-screen,defensive
Minnesota Timberwolves,14,83,5.3%,1.10,91,32,74,43.2,56.1,6.0%,6.0%,6.0%,1.2%,43.4%,13.8,off-screen,defensive
Charlotte Hornets,14,85,5.6%,1.07,91,40,80,50.0,53.8,4.7%,2.4%,4.7%,1.2%,50.6%,17.2,off-screen,defensive
New Orleans Pelicans,14,89,5.8%,1.03,92,31,76,40.8,50.0,9.0%,6.7%,5.6%,1.1%,42.7%,27.6,off-screen,defensive
New York Knicks,15,100,6.2%,0.98,98,38,89,42.7,50.0,5.0%,7.0%,3.0%,1.0%,42.0%,34.5,off-screen,defensive
Sacramento Kings,15,96,5.7%,1.03,99,37,85,43.5,52.9,5.2%,8.3%,5.2%,2.1%,41.7%,31.0,off-screen,defensive
Philadelphia 76ers,15,92,5.6%,1.20,110,43,81,53.1,61.1,5.4%,7.6%,5.4%,1.1%,51.1%,0.0,off-screen,defensive
Brooklyn Nets,14,103,6.9%,1.14,117,44,88,50.0,60.8,4.9%,11.7%,3.9%,1.9%,45.6%,6.9,off-screen,defensive
Toronto Raptors,15,78,4.9%,0.81,63,28,63,44.4,44.4,7.7%,11.5%,6.4%,0.0%,42.3%,100.0,putbacks,defensive
Charlotte Hornets,14,62,4.1%,1.06,66,23,46,50.0,52.2,21.0%,9.7%,17.7%,4.8%,53.2%,41.4,putbacks,defensive
Utah Jazz,13,67,5.0%,0.99,66,26,55,47.3,47.3,16.4%,4.5%,14.9%,3.0%,49.3%,69.0,putbacks,defensive
San Antonio Spurs,14,79,5.4%,0.84,66,27,65,41.5,41.5,10.1%,7.6%,8.9%,1.3%,43.0%,96.6,putbacks,defensive
Brooklyn Nets,14,76,5.1%,0.88,67,28,61,45.9,45.9,10.5%,9.2%,5.3%,0.0%,44.7%,93.1,putbacks,defensive
Orlando Magic,14,78,5.0%,0.96,75,29,67,43.3,43.3,12.8%,2.6%,10.3%,1.3%,48.7%,86.2,putbacks,defensive
Boston Celtics,13,78,5.4%,0.97,76,32,64,50.0,50.0,14.1%,3.8%,11.5%,0.0%,51.3%,72.4,putbacks,defensive
Detroit Pistons,14,79,5.3%,0.96,76,33,67,49.3,49.3,7.6%,7.6%,6.3%,0.0%,49.4%,82.1,putbacks,defensive
Memphis Grizzlies,14,79,5.3%,0.96,76,31,68,45.6,45.6,11.4%,3.8%,8.9%,1.3%,48.1%,82.1,putbacks,defensive
New Orleans Pelicans,14,77,5.0%,1.04,80,29,59,49.2,49.2,18.2%,5.2%,10.4%,1.3%,54.5%,44.8,putbacks,defensive
Miami Heat,13,71,5.1%,1.14,81,35,64,54.7,54.7,11.3%,1.4%,7.0%,2.8%,57.7%,24.1,putbacks,defensive
Washington Wizards,10,64,5.7%,1.28,82,34,53,64.2,64.2,18.8%,3.1%,14.1%,4.7%,65.6%,0.0,putbacks,defensive
Minnesota Timberwolves,14,81,5.2%,1.01,82,34,64,53.1,53.1,12.3%,9.9%,11.1%,3.7%,50.6%,51.7,putbacks,defensive
Chicago Bulls,12,88,6.4%,0.97,85,36,74,48.6,48.6,13.6%,6.8%,11.4%,4.5%,46.6%,75.9,putbacks,defensive
Denver Nuggets,14,80,5.2%,1.11,89,36,64,56.3,57.8,13.8%,6.3%,8.8%,1.3%,56.3%,34.5,putbacks,defensive
Phoenix Suns,14,72,4.7%,1.25,90,40,65,61.5,61.5,11.1%,2.8%,11.1%,4.2%,61.1%,6.9,putbacks,defensive
Dallas Mavericks,14,91,5.8%,1.00,91,40,81,49.4,49.4,11.0%,3.3%,8.8%,3.3%,51.6%,60.7,putbacks,defensive
Los Angeles Clippers,13,80,5.5%,1.15,92,44,71,62.0,62.0,6.3%,6.3%,5.0%,1.3%,60.0%,17.2,putbacks,defensive
Portland Trail Blazers,15,92,5.6%,1.00,92,41,79,51.9,52.5,10.9%,4.3%,10.9%,1.1%,51.1%,60.7,putbacks,defensive
Cleveland Cavaliers,14,82,5.5%,1.15,94,40,70,57.1,57.9,14.6%,4.9%,9.8%,4.9%,58.5%,20.7,putbacks,defensive
Indiana Pacers,13,88,6.2%,1.14,100,40,71,56.3,56.3,17.0%,4.5%,15.9%,2.3%,60.2%,27.6,putbacks,defensive
Philadelphia 76ers,15,87,5.3%,1.16,101,36,66,54.5,56.1,20.7%,9.2%,18.4%,5.7%,56.3%,10.3,putbacks,defensive
Oklahoma City Thunder,15,101,6.0%,1.02,103,44,87,50.6,50.6,11.9%,4.0%,7.9%,2.0%,51.5%,48.3,putbacks,defensive
Atlanta Hawks,15,105,6.4%,1.01,106,49,88,55.7,55.7,5.7%,10.5%,6.7%,1.0%,51.4%,55.2,putbacks,defensive
Sacramento Kings,15,93,5.5%,1.15,107,48,78,61.5,61.5,8.6%,8.6%,6.5%,1.1%,59.1%,13.8,putbacks,defensive
Los Angeles Lakers,13,86,6.0%,1.26,108,43,70,61.4,61.4,17.4%,4.7%,16.3%,3.5%,64.0%,3.4,putbacks,defensive
New York Knicks,15,97,6.0%,1.13,110,42,72,58.3,58.3,19.6%,8.2%,14.4%,2.1%,59.8%,31.0,putbacks,defensive
Golden State Warriors,15,111,6.5%,0.99,110,43,89,48.3,49.4,13.5%,7.2%,11.7%,0.9%,49.5%,65.5,putbacks,defensive
Milwaukee Bucks,14,119,7.8%,0.96,114,48,104,46.2,46.2,10.1%,4.2%,10.1%,1.7%,48.7%,89.7,putbacks,defensive
Houston Rockets,14,105,6.6%,1.10,116,51,91,56.0,56.0,9.5%,6.7%,8.6%,2.9%,55.2%,37.9,putbacks,defensive
Chicago Bulls,12,55,4.0%,0.53,29,5,15,33.3,36.7,21.8%,50.9%,1.8%,0.0%,29.1%,37.9,misc,defensive
Milwaukee Bucks,14,80,5.2%,0.36,29,4,13,30.8,34.6,16.3%,67.5%,2.5%,0.0%,21.3%,100.0,misc,defensive
Washington Wizards,10,66,5.9%,0.50,33,10,20,50.0,50.0,10.6%,59.1%,1.5%,0.0%,25.8%,62.1,misc,defensive
Indiana Pacers,13,102,7.2%,0.38,39,8,26,30.8,30.8,15.7%,58.8%,0.0%,0.0%,22.5%,96.6,misc,defensive
Portland Trail Blazers,15,83,5.1%,0.48,40,3,13,23.1,23.1,30.1%,54.2%,3.6%,0.0%,28.9%,75.9,misc,defensive
Orlando Magic,14,85,5.5%,0.48,41,3,15,20.0,20.0,24.7%,58.8%,3.5%,1.2%,27.1%,72.4,misc,defensive
New York Knicks,15,89,5.5%,0.47,42,3,18,16.7,19.4,28.1%,51.7%,2.2%,0.0%,27.0%,82.8,misc,defensive
San Antonio Spurs,14,82,5.6%,0.52,43,10,20,50.0,52.5,14.6%,61.0%,1.2%,0.0%,26.8%,41.4,misc,defensive
Detroit Pistons,14,79,5.3%,0.56,44,11,21,52.4,54.8,17.7%,55.7%,1.3%,0.0%,30.4%,27.6,misc,defensive
Atlanta Hawks,15,100,6.1%,0.44,44,9,27,33.3,37.0,15.0%,60.0%,3.0%,2.0%,22.0%,86.2,misc,defensive
Denver Nuggets,14,106,6.9%,0.42,44,7,25,28.0,30.0,19.8%,56.6%,4.7%,0.0%,24.5%,89.7,misc,defensive
Golden State Warriors,15,107,6.3%,0.41,44,9,30,30.0,30.0,16.8%,55.1%,3.7%,0.0%,22.4%,93.1,misc,defensive
Miami Heat,13,72,5.2%,0.63,45,8,20,40.0,47.5,23.6%,51.4%,4.2%,2.8%,31.9%,13.8,misc,defensive
Charlotte Hornets,14,86,5.7%,0.52,45,6,17,35.3,44.1,19.8%,61.6%,2.3%,1.2%,25.6%,44.8,misc,defensive
Brooklyn Nets,14,92,6.1%,0.51,47,7,18,38.9,38.9,25.0%,55.4%,1.1%,0.0%,29.3%,55.2,misc,defensive
Dallas Mavericks,14,95,6.1%,0.49,47,5,14,35.7,35.7,30.5%,54.7%,4.2%,0.0%,30.5%,65.5,misc,defensive
Los Angeles Lakers,13,73,5.1%,0.66,48,7,16,43.8,50.0,27.4%,50.7%,0.0%,0.0%,34.2%,6.9,misc,defensive
Philadelphia 76ers,15,96,5.9%,0.52,50,8,22,36.4,36.4,22.9%,54.2%,1.0%,0.0%,29.2%,48.3,misc,defensive
Toronto Raptors,15,99,6.2%,0.52,51,7,17,41.2,41.2,26.3%,57.6%,3.0%,1.0%,32.3%,51.7,misc,defensive
Utah Jazz,13,106,7.9%,0.49,52,6,19,31.6,34.2,25.5%,57.5%,1.9%,0.9%,28.3%,69.0,misc,defensive
Houston Rockets,14,100,6.3%,0.53,53,9,19,47.4,50.0,24.0%,57.0%,1.0%,0.0%,32.0%,34.5,misc,defensive
Memphis Grizzlies,14,112,7.5%,0.47,53,7,18,38.9,44.4,24.1%,60.7%,2.7%,0.9%,25.9%,79.3,misc,defensive
Phoenix Suns,14,105,6.8%,0.53,56,11,25,44.0,44.0,25.7%,51.4%,1.9%,1.0%,31.4%,31.0,misc,defensive
Cleveland Cavaliers,14,99,6.7%,0.62,61,10,21,47.6,52.4,24.2%,54.5%,4.0%,0.0%,33.3%,17.2,misc,defensive
Boston Celtics,13,123,8.4%,0.50,62,9,24,37.5,37.5,26.0%,56.1%,1.6%,1.6%,30.1%,58.6,misc,defensive
Oklahoma City Thunder,15,119,7.0%,0.58,69,9,28,32.1,33.9,24.4%,52.1%,0.8%,0.0%,31.1%,20.7,misc,defensive
New Orleans Pelicans,14,92,6.0%,0.76,70,15,30,50.0,56.7,27.2%,42.4%,4.3%,2.2%,41.3%,0.0,misc,defensive
Sacramento Kings,15,130,7.7%,0.56,73,6,20,30.0,32.5,26.9%,57.7%,1.5%,0.0%,31.5%,24.1,misc,defensive
Minnesota Timberwolves,14,116,7.5%,0.64,74,10,24,41.7,47.9,26.7%,52.6%,0.9%,0.0%,33.6%,10.3,misc,defensive
Los Angeles Clippers,13,107,7.4%,0.70,75,8,28,28.6,32.1,33.6%,41.1%,2.8%,0.9%,38.3%,3.4,misc,defensive
